FUND_NAME,REPORT_PERIOD,AVG_ANNUAL_MANAGEMENT_FEE,MONTHLY_YIELD,TOTAL_ASSETS,FUND_CLASSIFICATION
הראל פנסיה - שיקלי טווח קצר,201901,0.219999999,1.63,788.3,קרנות חדשות
הפניקס פנסיה מקיפה - הפניקס מסלול שקלי טווח קצר,201901,0.239999995,1.67,0.6,קרנות חדשות
מגדל מקפת אישית שקלי טווח קצר,201901,0.230000004,1.67,4.6,קרנות חדשות
"מנורה מבטחים פנסיה - מסלול אג""ח",201901,0.189999998,3.21,744.8,קרנות חדשות
"הפניקס מסלול פאסיבי - מדדי אג""ח חו""ל",201901,0.239999995,3.79,1.5,קרנות חדשות
"איילון מיטב מקיפה - מסלול אג""ח (ללא מניות)",201901,0.180000007,3.89,5.4,קרנות חדשות
"כלל פנסיה אג""ח",201901,0.209999993,4.08,9.7,קרנות חדשות
"מגדל מקפת אישית אג""ח",201901,0.230000004,4.12,9,קרנות חדשות
"פסגות פנסיה מקיפה אג""ח עד 20% מניות",201901,0.230000004,4.29,0.5,קרנות חדשות
הלמן-אלדובי קרן פנסיה מקיפה מסלול בסיסי למקבלי קצבה קיימים (עד 1.1.18),201901,0.050000001,4.33,0.9,קרנות חדשות
"הראל פנסיה - אג""ח ללא מניות",201901,0.219999999,4.36,8.1,קרנות חדשות
מנורה מבטחים פנסיה - מסלול יעד לפרישה 2020,201901,0.189999998,4.54,100.7,קרנות חדשות
"הפניקס פנסיה מקיפה - הפניקס מסלול אג""ח ",201901,0.239999995,4.59,5.3,קרנות חדשות
פסגות פנסיה מקיפה לבני 60 ומעלה,201901,0.230000004,4.64,64.1,קרנות חדשות
"מסלול אג""ח עד 15% מניות ",201901,0.209999993,4.85,-2.5,קרנות חדשות
"איילון מיטב פנסיה מקיפה פאסיבי- מדדי אג""ח עד 25% במדדי מניות",201901,0.180000007,4.88,0.7,קרנות חדשות
איילון מיטב מקיפה 60 ומעלה,201901,0.180000007,4.94,175,קרנות חדשות
"איילון מיטב מקיפה אג""ח עד 25% במנית",201901,0.180000007,4.96,1.8,קרנות חדשות
"פסגות פנסיה מקיפה חו""ל",201901,0.230000004,5,0.3,קרנות חדשות
הלמן-אלדובי קרן פנסיה מקיפה לבני 60 ומעלה,201901,0.050000001,5.07,127.7,קרנות חדשות
מגדל מקפת אישית לבני 60 ומעלה,201901,0.230000004,5.19,254.3,קרנות חדשות
הראל פנסיה- הלכה למקבלי קצבה קיימים,201901,0.219999999,5.26,2.8,קרנות חדשות
פסגות פנסיה - פנסיונרים,201901,0.230000004,5.3,4.9,קרנות חדשות
איילון מיטב מקיפה מסלול בסיסי למקבלי קצבה (למעט לפנסיונרים זכאים קיימים),201901,0.180000007,5.33,-9.4,קרנות חדשות
"הפניקס מסלול אג""ח עד 25% מניות",201901,0.239999995,5.36,5.2,קרנות חדשות
פסגות מקיפה - אפיק הלכה,201901,0.230000004,5.39,33.4,קרנות חדשות
הראל פנסיה - גילאי 60 ומעלה,201901,0.219999999,5.4,209.2,קרנות חדשות
מנורה מבטחים פנסיה - מסלול יעד לפרישה 2025,201901,0.189999998,5.44,374.4,קרנות חדשות
פסגות פנסיה מקיפה - מסלול לבני 50 עד 60,201901,0.230000004,5.45,111.5,קרנות חדשות
הפניקס פנסיה מקיפה - מסלול בסיסי למקבלי קצבה,201901,0.239999995,5.48,-13.1,קרנות חדשות
מנורה מבטחים פנסיה - תיק זכאים קיימים,201901,0.189999998,5.49,-16.5,קרנות חדשות
אלטשולר שחם פנסיה מקיפה מסלול בסיסי למקבלי קצבה קיימים,201901,0.170000002,5.5,-2,קרנות חדשות
מסלול הלכה למקבלי קצבה קיימים,201901,0.209999993,5.52,-1.3,קרנות חדשות
כלל פנסיה 60 ומעלה,201901,0.209999993,5.53,259.2,קרנות חדשות
מסלול בסיסי למקבלי קצבה קיימים ,201901,0.209999993,5.56,-345.1,קרנות חדשות
איילון מיטב מקיפה הלכה,201901,0.180000007,5.62,47.9,קרנות חדשות
מגדל מקפת אישית הלכה,201901,0.230000004,5.63,144.7,קרנות חדשות
מסלול קצבה לזכאים קיימים ,201901,0.239999995,5.68,-0.3,קרנות חדשות
מנורה מבטחים פנסיה - מסלול הלכה,201901,0.189999998,5.68,167.9,קרנות חדשות
מגדל מקפת אישית לבני 50 עד 60,201901,0.230000004,5.71,423.1,קרנות חדשות
מסלול פנסיה לזכאים קיימים ,201901,0.209999993,5.73,-7.4,קרנות חדשות
חושן (כהלכה),201901,0.209999993,5.75,47.1,קרנות חדשות
איילון מיטב מקיפה קצבה לזכאים קיימים,201901,0.180000007,5.76,-0.5,קרנות חדשות
הפניקס פנסיה מקיפה - מסלול לבני 60 ומעלה,201901,0.239999995,5.76,137.2,קרנות חדשות
מגדל מקפת אישית הלכה למקבלי קצבה קיימים ,201901,0.230000004,5.78,0,קרנות חדשות
פסגות פנסיה מקיפה מסלול הלכה למקבלי קצבה,201901,0.230000004,5.83,0.7,קרנות חדשות
הראל פנסיה - הלכה,201901,0.219999999,5.87,196.8,קרנות חדשות
אלטשולר שחם פנסיה מקיפה מסלול לבני 60 ומעלה,201901,0.170000002,5.9,141.8,קרנות חדשות
הראל פנסיה  - זכאים קיימים לקצבה,201901,0.219999999,5.91,-1.7,קרנות חדשות
הפניקס פנסיה מקיפה - מסלול הלכה ,201901,0.239999995,5.92,75.6,קרנות חדשות
הלמן-אלדובי קרן פנסיה מקיפה לבני 50 עד 60,201901,0.050000001,5.94,170.8,קרנות חדשות
מגדל מקפת אישית לזכאים קיימים לקצבה,201901,0.230000004,5.96,-5.8,קרנות חדשות
הראל  פנסיה - בסיסי למקבלי קצבה קיימים,201901,0.219999999,6.01,-149.1,קרנות חדשות
מנורה מבטחים פנסיה - תיק מקבלי פנסיה קיימים,201901,0.189999998,6.05,-512.9,קרנות חדשות
מגדל מקפת אישית  למקבלי קצבה קיימים,201901,0.230000004,6.12,-258.5,קרנות חדשות
"הפניקס מסלול פאסיבי - מדדי מניות חו""ל ",201901,0.239999995,6.17,82,קרנות חדשות
הראל פנסיה - גילאי 50 עד 60,201901,0.219999999,6.18,455.4,קרנות חדשות
הפניקס פנסיה מקיפה - מסלול לבני 50 עד 60 ,201901,0.239999995,6.19,377.8,קרנות חדשות
מנורה מבטחים פנסיה - מסלול יעד לפרישה 2030,201901,0.189999998,6.22,562.6,קרנות חדשות
מגדל מקפת אישית לבני 50 ומטה,201901,0.230000004,6.25,2240.6,קרנות חדשות
כלל פנסיה 50-60,201901,0.209999993,6.36,501.8,קרנות חדשות
איילון מיטב מקיפה 50-60,201901,0.180000007,6.4,55.5,קרנות חדשות
מגדל מקפת אישית כללי,201901,0.230000004,6.4,247.1,קרנות חדשות
פסגות פנסיה מקיפה - מסלול לבני 50 ומטה,201901,0.230000004,6.76,348.7,קרנות חדשות
הראל פנסיה - גילאי 50 ומטה,201901,0.219999999,6.77,8586.9,קרנות חדשות
הלמן-אלדובי קרן פנסיה מקיפה לבני 50 ומטה,201901,0.050000001,6.82,913.3,קרנות חדשות
הראל פנסיה - מנוף כללי,201901,0.219999999,6.86,337.7,קרנות חדשות
הראל  פנסיה - גילעד כללי,201901,0.219999999,6.94,-46.4,קרנות חדשות
מנורה מבטחים פנסיה - כללי ,201901,0.189999998,6.95,-187,קרנות חדשות
אלטשולר שחם פנסיה מקיפה מסלול הלכה,201901,0.170000002,6.96,32.4,קרנות חדשות
איילון מיטב מקיפה מסלול לבני 50 ומטה,201901,0.180000007,6.99,1290.9,קרנות חדשות
מנורה מבטחים פנסיה - מסלול יעד לפרישה 2035,201901,0.189999998,7.02,779.3,קרנות חדשות
כלל פנסיה עד 50,201901,0.209999993,7.07,2160,קרנות חדשות
הפניקס פנסיה מקיפה  - מסלול לבני 50 ומטה ,201901,0.239999995,7.18,2505.5,קרנות חדשות
ספיר,201901,0.209999993,7.23,-233,קרנות חדשות
פסגות מקיפה - אפיק מניות,201901,0.230000004,7.29,8,קרנות חדשות
הראל פנסיה - מניות,201901,0.219999999,7.39,316.3,קרנות חדשות
מנורה מבטחים פנסיה - מסלול יעד לפרישה 2060,201901,0.189999998,7.52,1095.1,קרנות חדשות
מגדל מקפת אישית מניות,201901,0.230000004,7.56,261.3,קרנות חדשות
איילון מיטב פנסיה מקיפה פאסיבי- מדדי מניות,201901,0.180000007,7.59,22.1,קרנות חדשות
מנורה מבטחים פנסיה - מסלול יעד לפרישה 2055,201901,0.189999998,7.61,1153.8,קרנות חדשות
מנורה מבטחים פנסיה - מסלול יעד לפרישה 2050,201901,0.189999998,7.67,1256.4,קרנות חדשות
מנורה מבטחים פנסיה - מסלול יעד לפרישה 2045,201901,0.189999998,7.73,1303.1,קרנות חדשות
מנורה מבטחים פנסיה - מסלול יעד לפרישה 2040,201901,0.189999998,7.75,1173.3,קרנות חדשות
איילון מיטב מקיפה - מסלול מניות,201901,0.180000007,7.8,29.3,קרנות חדשות
אלטשולר שחם פנסיה מקיפה מסלול לבני 50-60,201901,0.170000002,7.99,366.2,קרנות חדשות
כלל פנסיה מניות ,201901,0.209999993,8.32,217.4,קרנות חדשות
הפניקס פנסיה מקיפה - הפניקס מסלול מניות,201901,0.239999995,8.46,278.2,קרנות חדשות
מנורה מבטחים פנסיה - מסלול מניות ,201901,0.189999998,9.05,223.6,קרנות חדשות
אלטשולר שחם פנסיה מקיפה מסלול לבני 50 ומטה,201901,0.170000002,9.43,2717.9,קרנות חדשות
הראל פנסיה - שיקלי טווח קצר,201902,0.219999999,1.63,788.3,קרנות חדשות
הפניקס פנסיה מקיפה - הפניקס מסלול שקלי טווח קצר,201902,0.239999995,1.67,0.6,קרנות חדשות
מגדל מקפת אישית שקלי טווח קצר,201902,0.230000004,1.67,4.6,קרנות חדשות
"מנורה מבטחים פנסיה - מסלול אג""ח",201902,0.189999998,3.21,744.8,קרנות חדשות
"הפניקס מסלול פאסיבי - מדדי אג""ח חו""ל",201902,0.239999995,3.79,1.5,קרנות חדשות
"איילון מיטב מקיפה - מסלול אג""ח (ללא מניות)",201902,0.180000007,3.89,5.4,קרנות חדשות
"כלל פנסיה אג""ח",201902,0.209999993,4.08,9.7,קרנות חדשות
"מגדל מקפת אישית אג""ח",201902,0.230000004,4.12,9,קרנות חדשות
"פסגות פנסיה מקיפה אג""ח עד 20% מניות",201902,0.230000004,4.29,0.5,קרנות חדשות
הלמן-אלדובי קרן פנסיה מקיפה מסלול בסיסי למקבלי קצבה קיימים (עד 1.1.18),201902,0.050000001,4.33,0.9,קרנות חדשות
"הראל פנסיה - אג""ח ללא מניות",201902,0.219999999,4.36,8.1,קרנות חדשות
מנורה מבטחים פנסיה - מסלול יעד לפרישה 2020,201902,0.189999998,4.54,100.7,קרנות חדשות
"הפניקס פנסיה מקיפה - הפניקס מסלול אג""ח ",201902,0.239999995,4.59,5.3,קרנות חדשות
פסגות פנסיה מקיפה לבני 60 ומעלה,201902,0.230000004,4.64,64.1,קרנות חדשות
"מסלול אג""ח עד 15% מניות ",201902,0.209999993,4.85,-2.5,קרנות חדשות
"איילון מיטב פנסיה מקיפה פאסיבי- מדדי אג""ח עד 25% במדדי מניות",201902,0.180000007,4.88,0.7,קרנות חדשות
איילון מיטב מקיפה 60 ומעלה,201902,0.180000007,4.94,175,קרנות חדשות
"איילון מיטב מקיפה אג""ח עד 25% במנית",201902,0.180000007,4.96,1.8,קרנות חדשות
"פסגות פנסיה מקיפה חו""ל",201902,0.230000004,5,0.3,קרנות חדשות
הלמן-אלדובי קרן פנסיה מקיפה לבני 60 ומעלה,201902,0.050000001,5.07,127.7,קרנות חדשות
מגדל מקפת אישית לבני 60 ומעלה,201902,0.230000004,5.19,254.3,קרנות חדשות
הראל פנסיה- הלכה למקבלי קצבה קיימים,201902,0.219999999,5.26,2.8,קרנות חדשות
פסגות פנסיה - פנסיונרים,201902,0.230000004,5.3,4.9,קרנות חדשות
איילון מיטב מקיפה מסלול בסיסי למקבלי קצבה (למעט לפנסיונרים זכאים קיימים),201902,0.180000007,5.33,-9.4,קרנות חדשות
"הפניקס מסלול אג""ח עד 25% מניות",201902,0.239999995,5.36,5.2,קרנות חדשות
פסגות מקיפה - אפיק הלכה,201902,0.230000004,5.39,33.4,קרנות חדשות
הראל פנסיה - גילאי 60 ומעלה,201902,0.219999999,5.4,209.2,קרנות חדשות
מנורה מבטחים פנסיה - מסלול יעד לפרישה 2025,201902,0.189999998,5.44,374.4,קרנות חדשות
פסגות פנסיה מקיפה - מסלול לבני 50 עד 60,201902,0.230000004,5.45,111.5,קרנות חדשות
הפניקס פנסיה מקיפה - מסלול בסיסי למקבלי קצבה,201902,0.239999995,5.48,-13.1,קרנות חדשות
מנורה מבטחים פנסיה - תיק זכאים קיימים,201902,0.189999998,5.49,-16.5,קרנות חדשות
אלטשולר שחם פנסיה מקיפה מסלול בסיסי למקבלי קצבה קיימים,201902,0.170000002,5.5,-2,קרנות חדשות
מסלול הלכה למקבלי קצבה קיימים,201902,0.209999993,5.52,-1.3,קרנות חדשות
כלל פנסיה 60 ומעלה,201902,0.209999993,5.53,259.2,קרנות חדשות
מסלול בסיסי למקבלי קצבה קיימים ,201902,0.209999993,5.56,-345.1,קרנות חדשות
איילון מיטב מקיפה הלכה,201902,0.180000007,5.62,47.9,קרנות חדשות
מגדל מקפת אישית הלכה,201902,0.230000004,5.63,144.7,קרנות חדשות
מסלול קצבה לזכאים קיימים ,201902,0.239999995,5.68,-0.3,קרנות חדשות
מנורה מבטחים פנסיה - מסלול הלכה,201902,0.189999998,5.68,167.9,קרנות חדשות
מגדל מקפת אישית לבני 50 עד 60,201902,0.230000004,5.71,423.1,קרנות חדשות
מסלול פנסיה לזכאים קיימים ,201902,0.209999993,5.73,-7.4,קרנות חדשות
חושן (כהלכה),201902,0.209999993,5.75,47.1,קרנות חדשות
איילון מיטב מקיפה קצבה לזכאים קיימים,201902,0.180000007,5.76,-0.5,קרנות חדשות
הפניקס פנסיה מקיפה - מסלול לבני 60 ומעלה,201902,0.239999995,5.76,137.2,קרנות חדשות
מגדל מקפת אישית הלכה למקבלי קצבה קיימים ,201902,0.230000004,5.78,0,קרנות חדשות
פסגות פנסיה מקיפה מסלול הלכה למקבלי קצבה,201902,0.230000004,5.83,0.7,קרנות חדשות
הראל פנסיה - הלכה,201902,0.219999999,5.87,196.8,קרנות חדשות
אלטשולר שחם פנסיה מקיפה מסלול לבני 60 ומעלה,201902,0.170000002,5.9,141.8,קרנות חדשות
הראל פנסיה  - זכאים קיימים לקצבה,201902,0.219999999,5.91,-1.7,קרנות חדשות
הפניקס פנסיה מקיפה - מסלול הלכה ,201902,0.239999995,5.92,75.6,קרנות חדשות
הלמן-אלדובי קרן פנסיה מקיפה לבני 50 עד 60,201902,0.050000001,5.94,170.8,קרנות חדשות
מגדל מקפת אישית לזכאים קיימים לקצבה,201902,0.230000004,5.96,-5.8,קרנות חדשות
הראל  פנסיה - בסיסי למקבלי קצבה קיימים,201902,0.219999999,6.01,-149.1,קרנות חדשות
מנורה מבטחים פנסיה - תיק מקבלי פנסיה קיימים,201902,0.189999998,6.05,-512.9,קרנות חדשות
מגדל מקפת אישית  למקבלי קצבה קיימים,201902,0.230000004,6.12,-258.5,קרנות חדשות
"הפניקס מסלול פאסיבי - מדדי מניות חו""ל ",201902,0.239999995,6.17,82,קרנות חדשות
הראל פנסיה - גילאי 50 עד 60,201902,0.219999999,6.18,455.4,קרנות חדשות
הפניקס פנסיה מקיפה - מסלול לבני 50 עד 60 ,201902,0.239999995,6.19,377.8,קרנות חדשות
מנורה מבטחים פנסיה - מסלול יעד לפרישה 2030,201902,0.189999998,6.22,562.6,קרנות חדשות
מגדל מקפת אישית לבני 50 ומטה,201902,0.230000004,6.25,2240.6,קרנות חדשות
כלל פנסיה 50-60,201902,0.209999993,6.36,501.8,קרנות חדשות
איילון מיטב מקיפה 50-60,201902,0.180000007,6.4,55.5,קרנות חדשות
מגדל מקפת אישית כללי,201902,0.230000004,6.4,247.1,קרנות חדשות
פסגות פנסיה מקיפה - מסלול לבני 50 ומטה,201902,0.230000004,6.76,348.7,קרנות חדשות
הראל פנסיה - גילאי 50 ומטה,201902,0.219999999,6.77,8586.9,קרנות חדשות
הלמן-אלדובי קרן פנסיה מקיפה לבני 50 ומטה,201902,0.050000001,6.82,913.3,קרנות חדשות
הראל פנסיה - מנוף כללי,201902,0.219999999,6.86,337.7,קרנות חדשות
הראל  פנסיה - גילעד כללי,201902,0.219999999,6.94,-46.4,קרנות חדשות
מנורה מבטחים פנסיה - כללי ,201902,0.189999998,6.95,-187,קרנות חדשות
אלטשולר שחם פנסיה מקיפה מסלול הלכה,201902,0.170000002,6.96,32.4,קרנות חדשות
איילון מיטב מקיפה מסלול לבני 50 ומטה,201902,0.180000007,6.99,1290.9,קרנות חדשות
מנורה מבטחים פנסיה - מסלול יעד לפרישה 2035,201902,0.189999998,7.02,779.3,קרנות חדשות
כלל פנסיה עד 50,201902,0.209999993,7.07,2160,קרנות חדשות
הפניקס פנסיה מקיפה  - מסלול לבני 50 ומטה ,201902,0.239999995,7.18,2505.5,קרנות חדשות
ספיר,201902,0.209999993,7.23,-233,קרנות חדשות
פסגות מקיפה - אפיק מניות,201902,0.230000004,7.29,8,קרנות חדשות
הראל פנסיה - מניות,201902,0.219999999,7.39,316.3,קרנות חדשות
מנורה מבטחים פנסיה - מסלול יעד לפרישה 2060,201902,0.189999998,7.52,1095.1,קרנות חדשות
מגדל מקפת אישית מניות,201902,0.230000004,7.56,261.3,קרנות חדשות
איילון מיטב פנסיה מקיפה פאסיבי- מדדי מניות,201902,0.180000007,7.59,22.1,קרנות חדשות
מנורה מבטחים פנסיה - מסלול יעד לפרישה 2055,201902,0.189999998,7.61,1153.8,קרנות חדשות
מנורה מבטחים פנסיה - מסלול יעד לפרישה 2050,201902,0.189999998,7.67,1256.4,קרנות חדשות
מנורה מבטחים פנסיה - מסלול יעד לפרישה 2045,201902,0.189999998,7.73,1303.1,קרנות חדשות
מנורה מבטחים פנסיה - מסלול יעד לפרישה 2040,201902,0.189999998,7.75,1173.3,קרנות חדשות
איילון מיטב מקיפה - מסלול מניות,201902,0.180000007,7.8,29.3,קרנות חדשות
אלטשולר שחם פנסיה מקיפה מסלול לבני 50-60,201902,0.170000002,7.99,366.2,קרנות חדשות
כלל פנסיה מניות ,201902,0.209999993,8.32,217.4,קרנות חדשות
הפניקס פנסיה מקיפה - הפניקס מסלול מניות,201902,0.239999995,8.46,278.2,קרנות חדשות
מנורה מבטחים פנסיה - מסלול מניות ,201902,0.189999998,9.05,223.6,קרנות חדשות
אלטשולר שחם פנסיה מקיפה מסלול לבני 50 ומטה,201902,0.170000002,9.43,2717.9,קרנות חדשות
הראל פנסיה - שיקלי טווח קצר,201903,0.219999999,1.63,788.3,קרנות חדשות
הפניקס פנסיה מקיפה - הפניקס מסלול שקלי טווח קצר,201903,0.239999995,1.67,0.6,קרנות חדשות
מגדל מקפת אישית שקלי טווח קצר,201903,0.230000004,1.67,4.6,קרנות חדשות
"מנורה מבטחים פנסיה - מסלול אג""ח",201903,0.189999998,3.21,744.8,קרנות חדשות
"הפניקס מסלול פאסיבי - מדדי אג""ח חו""ל",201903,0.239999995,3.79,1.5,קרנות חדשות
"איילון מיטב מקיפה - מסלול אג""ח (ללא מניות)",201903,0.180000007,3.89,5.4,קרנות חדשות
"כלל פנסיה אג""ח",201903,0.209999993,4.08,9.7,קרנות חדשות
"מגדל מקפת אישית אג""ח",201903,0.230000004,4.12,9,קרנות חדשות
"פסגות פנסיה מקיפה אג""ח עד 20% מניות",201903,0.230000004,4.29,0.5,קרנות חדשות
הלמן-אלדובי קרן פנסיה מקיפה מסלול בסיסי למקבלי קצבה קיימים (עד 1.1.18),201903,0.050000001,4.33,0.9,קרנות חדשות
"הראל פנסיה - אג""ח ללא מניות",201903,0.219999999,4.36,8.1,קרנות חדשות
מנורה מבטחים פנסיה - מסלול יעד לפרישה 2020,201903,0.189999998,4.54,100.7,קרנות חדשות
"הפניקס פנסיה מקיפה - הפניקס מסלול אג""ח ",201903,0.239999995,4.59,5.3,קרנות חדשות
פסגות פנסיה מקיפה לבני 60 ומעלה,201903,0.230000004,4.64,64.1,קרנות חדשות
"מסלול אג""ח עד 15% מניות ",201903,0.209999993,4.85,-2.5,קרנות חדשות
"איילון מיטב פנסיה מקיפה פאסיבי- מדדי אג""ח עד 25% במדדי מניות",201903,0.180000007,4.88,0.7,קרנות חדשות
איילון מיטב מקיפה 60 ומעלה,201903,0.180000007,4.94,175,קרנות חדשות
"איילון מיטב מקיפה אג""ח עד 25% במנית",201903,0.180000007,4.96,1.8,קרנות חדשות
"פסגות פנסיה מקיפה חו""ל",201903,0.230000004,5,0.3,קרנות חדשות
הלמן-אלדובי קרן פנסיה מקיפה לבני 60 ומעלה,201903,0.050000001,5.07,127.7,קרנות חדשות
מגדל מקפת אישית לבני 60 ומעלה,201903,0.230000004,5.19,254.3,קרנות חדשות
הראל פנסיה- הלכה למקבלי קצבה קיימים,201903,0.219999999,5.26,2.8,קרנות חדשות
פסגות פנסיה - פנסיונרים,201903,0.230000004,5.3,4.9,קרנות חדשות
איילון מיטב מקיפה מסלול בסיסי למקבלי קצבה (למעט לפנסיונרים זכאים קיימים),201903,0.180000007,5.33,-9.4,קרנות חדשות
"הפניקס מסלול אג""ח עד 25% מניות",201903,0.239999995,5.36,5.2,קרנות חדשות
פסגות מקיפה - אפיק הלכה,201903,0.230000004,5.39,33.4,קרנות חדשות
הראל פנסיה - גילאי 60 ומעלה,201903,0.219999999,5.4,209.2,קרנות חדשות
מנורה מבטחים פנסיה - מסלול יעד לפרישה 2025,201903,0.189999998,5.44,374.4,קרנות חדשות
פסגות פנסיה מקיפה - מסלול לבני 50 עד 60,201903,0.230000004,5.45,111.5,קרנות חדשות
הפניקס פנסיה מקיפה - מסלול בסיסי למקבלי קצבה,201903,0.239999995,5.48,-13.1,קרנות חדשות
מנורה מבטחים פנסיה - תיק זכאים קיימים,201903,0.189999998,5.49,-16.5,קרנות חדשות
אלטשולר שחם פנסיה מקיפה מסלול בסיסי למקבלי קצבה קיימים,201903,0.170000002,5.5,-2,קרנות חדשות
מסלול הלכה למקבלי קצבה קיימים,201903,0.209999993,5.52,-1.3,קרנות חדשות
כלל פנסיה 60 ומעלה,201903,0.209999993,5.53,259.2,קרנות חדשות
מסלול בסיסי למקבלי קצבה קיימים ,201903,0.209999993,5.56,-345.1,קרנות חדשות
איילון מיטב מקיפה הלכה,201903,0.180000007,5.62,47.9,קרנות חדשות
מגדל מקפת אישית הלכה,201903,0.230000004,5.63,144.7,קרנות חדשות
מסלול קצבה לזכאים קיימים ,201903,0.239999995,5.68,-0.3,קרנות חדשות
מנורה מבטחים פנסיה - מסלול הלכה,201903,0.189999998,5.68,167.9,קרנות חדשות
מגדל מקפת אישית לבני 50 עד 60,201903,0.230000004,5.71,423.1,קרנות חדשות
מסלול פנסיה לזכאים קיימים ,201903,0.209999993,5.73,-7.4,קרנות חדשות
חושן (כהלכה),201903,0.209999993,5.75,47.1,קרנות חדשות
איילון מיטב מקיפה קצבה לזכאים קיימים,201903,0.180000007,5.76,-0.5,קרנות חדשות
הפניקס פנסיה מקיפה - מסלול לבני 60 ומעלה,201903,0.239999995,5.76,137.2,קרנות חדשות
מגדל מקפת אישית הלכה למקבלי קצבה קיימים ,201903,0.230000004,5.78,0,קרנות חדשות
פסגות פנסיה מקיפה מסלול הלכה למקבלי קצבה,201903,0.230000004,5.83,0.7,קרנות חדשות
הראל פנסיה - הלכה,201903,0.219999999,5.87,196.8,קרנות חדשות
אלטשולר שחם פנסיה מקיפה מסלול לבני 60 ומעלה,201903,0.170000002,5.9,141.8,קרנות חדשות
הראל פנסיה  - זכאים קיימים לקצבה,201903,0.219999999,5.91,-1.7,קרנות חדשות
הפניקס פנסיה מקיפה - מסלול הלכה ,201903,0.239999995,5.92,75.6,קרנות חדשות
הלמן-אלדובי קרן פנסיה מקיפה לבני 50 עד 60,201903,0.050000001,5.94,170.8,קרנות חדשות
מגדל מקפת אישית לזכאים קיימים לקצבה,201903,0.230000004,5.96,-5.8,קרנות חדשות
הראל  פנסיה - בסיסי למקבלי קצבה קיימים,201903,0.219999999,6.01,-149.1,קרנות חדשות
מנורה מבטחים פנסיה - תיק מקבלי פנסיה קיימים,201903,0.189999998,6.05,-512.9,קרנות חדשות
מגדל מקפת אישית  למקבלי קצבה קיימים,201903,0.230000004,6.12,-258.5,קרנות חדשות
"הפניקס מסלול פאסיבי - מדדי מניות חו""ל ",201903,0.239999995,6.17,82,קרנות חדשות
הראל פנסיה - גילאי 50 עד 60,201903,0.219999999,6.18,455.4,קרנות חדשות
הפניקס פנסיה מקיפה - מסלול לבני 50 עד 60 ,201903,0.239999995,6.19,377.8,קרנות חדשות
מנורה מבטחים פנסיה - מסלול יעד לפרישה 2030,201903,0.189999998,6.22,562.6,קרנות חדשות
מגדל מקפת אישית לבני 50 ומטה,201903,0.230000004,6.25,2240.6,קרנות חדשות
כלל פנסיה 50-60,201903,0.209999993,6.36,501.8,קרנות חדשות
איילון מיטב מקיפה 50-60,201903,0.180000007,6.4,55.5,קרנות חדשות
מגדל מקפת אישית כללי,201903,0.230000004,6.4,247.1,קרנות חדשות
פסגות פנסיה מקיפה - מסלול לבני 50 ומטה,201903,0.230000004,6.76,348.7,קרנות חדשות
הראל פנסיה - גילאי 50 ומטה,201903,0.219999999,6.77,8586.9,קרנות חדשות
הלמן-אלדובי קרן פנסיה מקיפה לבני 50 ומטה,201903,0.050000001,6.82,913.3,קרנות חדשות
הראל פנסיה - מנוף כללי,201903,0.219999999,6.86,337.7,קרנות חדשות
הראל  פנסיה - גילעד כללי,201903,0.219999999,6.94,-46.4,קרנות חדשות
מנורה מבטחים פנסיה - כללי ,201903,0.189999998,6.95,-187,קרנות חדשות
אלטשולר שחם פנסיה מקיפה מסלול הלכה,201903,0.170000002,6.96,32.4,קרנות חדשות
איילון מיטב מקיפה מסלול לבני 50 ומטה,201903,0.180000007,6.99,1290.9,קרנות חדשות
מנורה מבטחים פנסיה - מסלול יעד לפרישה 2035,201903,0.189999998,7.02,779.3,קרנות חדשות
כלל פנסיה עד 50,201903,0.209999993,7.07,2160,קרנות חדשות
הפניקס פנסיה מקיפה  - מסלול לבני 50 ומטה ,201903,0.239999995,7.18,2505.5,קרנות חדשות
ספיר,201903,0.209999993,7.23,-233,קרנות חדשות
פסגות מקיפה - אפיק מניות,201903,0.230000004,7.29,8,קרנות חדשות
הראל פנסיה - מניות,201903,0.219999999,7.39,316.3,קרנות חדשות
מנורה מבטחים פנסיה - מסלול יעד לפרישה 2060,201903,0.189999998,7.52,1095.1,קרנות חדשות
מגדל מקפת אישית מניות,201903,0.230000004,7.56,261.3,קרנות חדשות
איילון מיטב פנסיה מקיפה פאסיבי- מדדי מניות,201903,0.180000007,7.59,22.1,קרנות חדשות
מנורה מבטחים פנסיה - מסלול יעד לפרישה 2055,201903,0.189999998,7.61,1153.8,קרנות חדשות
מנורה מבטחים פנסיה - מסלול יעד לפרישה 2050,201903,0.189999998,7.67,1256.4,קרנות חדשות
מנורה מבטחים פנסיה - מסלול יעד לפרישה 2045,201903,0.189999998,7.73,1303.1,קרנות חדשות
מנורה מבטחים פנסיה - מסלול יעד לפרישה 2040,201903,0.189999998,7.75,1173.3,קרנות חדשות
איילון מיטב מקיפה - מסלול מניות,201903,0.180000007,7.8,29.3,קרנות חדשות
אלטשולר שחם פנסיה מקיפה מסלול לבני 50-60,201903,0.170000002,7.99,366.2,קרנות חדשות
כלל פנסיה מניות ,201903,0.209999993,8.32,217.4,קרנות חדשות
הפניקס פנסיה מקיפה - הפניקס מסלול מניות,201903,0.239999995,8.46,278.2,קרנות חדשות
מנורה מבטחים פנסיה - מסלול מניות ,201903,0.189999998,9.05,223.6,קרנות חדשות
אלטשולר שחם פנסיה מקיפה מסלול לבני 50 ומטה,201903,0.170000002,9.43,2717.9,קרנות חדשות
הראל פנסיה - שיקלי טווח קצר,201904,0.219999999,1.63,788.3,קרנות חדשות
הפניקס פנסיה מקיפה - הפניקס מסלול שקלי טווח קצר,201904,0.239999995,1.67,0.6,קרנות חדשות
מגדל מקפת אישית שקלי טווח קצר,201904,0.230000004,1.67,4.6,קרנות חדשות
"מנורה מבטחים פנסיה - מסלול אג""ח",201904,0.189999998,3.21,744.8,קרנות חדשות
"הפניקס מסלול פאסיבי - מדדי אג""ח חו""ל",201904,0.239999995,3.79,1.5,קרנות חדשות
"איילון מיטב מקיפה - מסלול אג""ח (ללא מניות)",201904,0.180000007,3.89,5.4,קרנות חדשות
"כלל פנסיה אג""ח",201904,0.209999993,4.08,9.7,קרנות חדשות
"מגדל מקפת אישית אג""ח",201904,0.230000004,4.12,9,קרנות חדשות
"פסגות פנסיה מקיפה אג""ח עד 20% מניות",201904,0.230000004,4.29,0.5,קרנות חדשות
הלמן-אלדובי קרן פנסיה מקיפה מסלול בסיסי למקבלי קצבה קיימים (עד 1.1.18),201904,0.050000001,4.33,0.9,קרנות חדשות
"הראל פנסיה - אג""ח ללא מניות",201904,0.219999999,4.36,8.1,קרנות חדשות
מנורה מבטחים פנסיה - מסלול יעד לפרישה 2020,201904,0.189999998,4.54,100.7,קרנות חדשות
"הפניקס פנסיה מקיפה - הפניקס מסלול אג""ח ",201904,0.239999995,4.59,5.3,קרנות חדשות
פסגות פנסיה מקיפה לבני 60 ומעלה,201904,0.230000004,4.64,64.1,קרנות חדשות
"מסלול אג""ח עד 15% מניות ",201904,0.209999993,4.85,-2.5,קרנות חדשות
"איילון מיטב פנסיה מקיפה פאסיבי- מדדי אג""ח עד 25% במדדי מניות",201904,0.180000007,4.88,0.7,קרנות חדשות
איילון מיטב מקיפה 60 ומעלה,201904,0.180000007,4.94,175,קרנות חדשות
"איילון מיטב מקיפה אג""ח עד 25% במנית",201904,0.180000007,4.96,1.8,קרנות חדשות
"פסגות פנסיה מקיפה חו""ל",201904,0.230000004,5,0.3,קרנות חדשות
הלמן-אלדובי קרן פנסיה מקיפה לבני 60 ומעלה,201904,0.050000001,5.07,127.7,קרנות חדשות
מגדל מקפת אישית לבני 60 ומעלה,201904,0.230000004,5.19,254.3,קרנות חדשות
הראל פנסיה- הלכה למקבלי קצבה קיימים,201904,0.219999999,5.26,2.8,קרנות חדשות
פסגות פנסיה - פנסיונרים,201904,0.230000004,5.3,4.9,קרנות חדשות
איילון מיטב מקיפה מסלול בסיסי למקבלי קצבה (למעט לפנסיונרים זכאים קיימים),201904,0.180000007,5.33,-9.4,קרנות חדשות
"הפניקס מסלול אג""ח עד 25% מניות",201904,0.239999995,5.36,5.2,קרנות חדשות
פסגות מקיפה - אפיק הלכה,201904,0.230000004,5.39,33.4,קרנות חדשות
הראל פנסיה - גילאי 60 ומעלה,201904,0.219999999,5.4,209.2,קרנות חדשות
מנורה מבטחים פנסיה - מסלול יעד לפרישה 2025,201904,0.189999998,5.44,374.4,קרנות חדשות
פסגות פנסיה מקיפה - מסלול לבני 50 עד 60,201904,0.230000004,5.45,111.5,קרנות חדשות
הפניקס פנסיה מקיפה - מסלול בסיסי למקבלי קצבה,201904,0.239999995,5.48,-13.1,קרנות חדשות
מנורה מבטחים פנסיה - תיק זכאים קיימים,201904,0.189999998,5.49,-16.5,קרנות חדשות
אלטשולר שחם פנסיה מקיפה מסלול בסיסי למקבלי קצבה קיימים,201904,0.170000002,5.5,-2,קרנות חדשות
מסלול הלכה למקבלי קצבה קיימים,201904,0.209999993,5.52,-1.3,קרנות חדשות
כלל פנסיה 60 ומעלה,201904,0.209999993,5.53,259.2,קרנות חדשות
מסלול בסיסי למקבלי קצבה קיימים ,201904,0.209999993,5.56,-345.1,קרנות חדשות
איילון מיטב מקיפה הלכה,201904,0.180000007,5.62,47.9,קרנות חדשות
מגדל מקפת אישית הלכה,201904,0.230000004,5.63,144.7,קרנות חדשות
מסלול קצבה לזכאים קיימים ,201904,0.239999995,5.68,-0.3,קרנות חדשות
מנורה מבטחים פנסיה - מסלול הלכה,201904,0.189999998,5.68,167.9,קרנות חדשות
מגדל מקפת אישית לבני 50 עד 60,201904,0.230000004,5.71,423.1,קרנות חדשות
מסלול פנסיה לזכאים קיימים ,201904,0.209999993,5.73,-7.4,קרנות חדשות
חושן (כהלכה),201904,0.209999993,5.75,47.1,קרנות חדשות
איילון מיטב מקיפה קצבה לזכאים קיימים,201904,0.180000007,5.76,-0.5,קרנות חדשות
הפניקס פנסיה מקיפה - מסלול לבני 60 ומעלה,201904,0.239999995,5.76,137.2,קרנות חדשות
מגדל מקפת אישית הלכה למקבלי קצבה קיימים ,201904,0.230000004,5.78,0,קרנות חדשות
פסגות פנסיה מקיפה מסלול הלכה למקבלי קצבה,201904,0.230000004,5.83,0.7,קרנות חדשות
הראל פנסיה - הלכה,201904,0.219999999,5.87,196.8,קרנות חדשות
אלטשולר שחם פנסיה מקיפה מסלול לבני 60 ומעלה,201904,0.170000002,5.9,141.8,קרנות חדשות
הראל פנסיה  - זכאים קיימים לקצבה,201904,0.219999999,5.91,-1.7,קרנות חדשות
הפניקס פנסיה מקיפה - מסלול הלכה ,201904,0.239999995,5.92,75.6,קרנות חדשות
הלמן-אלדובי קרן פנסיה מקיפה לבני 50 עד 60,201904,0.050000001,5.94,170.8,קרנות חדשות
מגדל מקפת אישית לזכאים קיימים לקצבה,201904,0.230000004,5.96,-5.8,קרנות חדשות
הראל  פנסיה - בסיסי למקבלי קצבה קיימים,201904,0.219999999,6.01,-149.1,קרנות חדשות
מנורה מבטחים פנסיה - תיק מקבלי פנסיה קיימים,201904,0.189999998,6.05,-512.9,קרנות חדשות
מגדל מקפת אישית  למקבלי קצבה קיימים,201904,0.230000004,6.12,-258.5,קרנות חדשות
"הפניקס מסלול פאסיבי - מדדי מניות חו""ל ",201904,0.239999995,6.17,82,קרנות חדשות
הראל פנסיה - גילאי 50 עד 60,201904,0.219999999,6.18,455.4,קרנות חדשות
הפניקס פנסיה מקיפה - מסלול לבני 50 עד 60 ,201904,0.239999995,6.19,377.8,קרנות חדשות
מנורה מבטחים פנסיה - מסלול יעד לפרישה 2030,201904,0.189999998,6.22,562.6,קרנות חדשות
מגדל מקפת אישית לבני 50 ומטה,201904,0.230000004,6.25,2240.6,קרנות חדשות
כלל פנסיה 50-60,201904,0.209999993,6.36,501.8,קרנות חדשות
איילון מיטב מקיפה 50-60,201904,0.180000007,6.4,55.5,קרנות חדשות
מגדל מקפת אישית כללי,201904,0.230000004,6.4,247.1,קרנות חדשות
פסגות פנסיה מקיפה - מסלול לבני 50 ומטה,201904,0.230000004,6.76,348.7,קרנות חדשות
הראל פנסיה - גילאי 50 ומטה,201904,0.219999999,6.77,8586.9,קרנות חדשות
הלמן-אלדובי קרן פנסיה מקיפה לבני 50 ומטה,201904,0.050000001,6.82,913.3,קרנות חדשות
הראל פנסיה - מנוף כללי,201904,0.219999999,6.86,337.7,קרנות חדשות
הראל  פנסיה - גילעד כללי,201904,0.219999999,6.94,-46.4,קרנות חדשות
מנורה מבטחים פנסיה - כללי ,201904,0.189999998,6.95,-187,קרנות חדשות
אלטשולר שחם פנסיה מקיפה מסלול הלכה,201904,0.170000002,6.96,32.4,קרנות חדשות
איילון מיטב מקיפה מסלול לבני 50 ומטה,201904,0.180000007,6.99,1290.9,קרנות חדשות
מנורה מבטחים פנסיה - מסלול יעד לפרישה 2035,201904,0.189999998,7.02,779.3,קרנות חדשות
כלל פנסיה עד 50,201904,0.209999993,7.07,2160,קרנות חדשות
הפניקס פנסיה מקיפה  - מסלול לבני 50 ומטה ,201904,0.239999995,7.18,2505.5,קרנות חדשות
ספיר,201904,0.209999993,7.23,-233,קרנות חדשות
פסגות מקיפה - אפיק מניות,201904,0.230000004,7.29,8,קרנות חדשות
הראל פנסיה - מניות,201904,0.219999999,7.39,316.3,קרנות חדשות
מנורה מבטחים פנסיה - מסלול יעד לפרישה 2060,201904,0.189999998,7.52,1095.1,קרנות חדשות
מגדל מקפת אישית מניות,201904,0.230000004,7.56,261.3,קרנות חדשות
איילון מיטב פנסיה מקיפה פאסיבי- מדדי מניות,201904,0.180000007,7.59,22.1,קרנות חדשות
מנורה מבטחים פנסיה - מסלול יעד לפרישה 2055,201904,0.189999998,7.61,1153.8,קרנות חדשות
מנורה מבטחים פנסיה - מסלול יעד לפרישה 2050,201904,0.189999998,7.67,1256.4,קרנות חדשות
מנורה מבטחים פנסיה - מסלול יעד לפרישה 2045,201904,0.189999998,7.73,1303.1,קרנות חדשות
מנורה מבטחים פנסיה - מסלול יעד לפרישה 2040,201904,0.189999998,7.75,1173.3,קרנות חדשות
איילון מיטב מקיפה - מסלול מניות,201904,0.180000007,7.8,29.3,קרנות חדשות
אלטשולר שחם פנסיה מקיפה מסלול לבני 50-60,201904,0.170000002,7.99,366.2,קרנות חדשות
כלל פנסיה מניות ,201904,0.209999993,8.32,217.4,קרנות חדשות
הפניקס פנסיה מקיפה - הפניקס מסלול מניות,201904,0.239999995,8.46,278.2,קרנות חדשות
מנורה מבטחים פנסיה - מסלול מניות ,201904,0.189999998,9.05,223.6,קרנות חדשות
אלטשולר שחם פנסיה מקיפה מסלול לבני 50 ומטה,201904,0.170000002,9.43,2717.9,קרנות חדשות
הראל פנסיה - שיקלי טווח קצר,201905,0.219999999,1.63,788.3,קרנות חדשות
הפניקס פנסיה מקיפה - הפניקס מסלול שקלי טווח קצר,201905,0.239999995,1.67,0.6,קרנות חדשות
מגדל מקפת אישית שקלי טווח קצר,201905,0.230000004,1.67,4.6,קרנות חדשות
"מנורה מבטחים פנסיה - מסלול אג""ח",201905,0.189999998,3.21,744.8,קרנות חדשות
"הפניקס מסלול פאסיבי - מדדי אג""ח חו""ל",201905,0.239999995,3.79,1.5,קרנות חדשות
"איילון מיטב מקיפה - מסלול אג""ח (ללא מניות)",201905,0.180000007,3.89,5.4,קרנות חדשות
"כלל פנסיה אג""ח",201905,0.209999993,4.08,9.7,קרנות חדשות
"מגדל מקפת אישית אג""ח",201905,0.230000004,4.12,9,קרנות חדשות
"פסגות פנסיה מקיפה אג""ח עד 20% מניות",201905,0.230000004,4.29,0.5,קרנות חדשות
הלמן-אלדובי קרן פנסיה מקיפה מסלול בסיסי למקבלי קצבה קיימים (עד 1.1.18),201905,0.050000001,4.33,0.9,קרנות חדשות
"הראל פנסיה - אג""ח ללא מניות",201905,0.219999999,4.36,8.1,קרנות חדשות
מנורה מבטחים פנסיה - מסלול יעד לפרישה 2020,201905,0.189999998,4.54,100.7,קרנות חדשות
"הפניקס פנסיה מקיפה - הפניקס מסלול אג""ח ",201905,0.239999995,4.59,5.3,קרנות חדשות
פסגות פנסיה מקיפה לבני 60 ומעלה,201905,0.230000004,4.64,64.1,קרנות חדשות
"מסלול אג""ח עד 15% מניות ",201905,0.209999993,4.85,-2.5,קרנות חדשות
"איילון מיטב פנסיה מקיפה פאסיבי- מדדי אג""ח עד 25% במדדי מניות",201905,0.180000007,4.88,0.7,קרנות חדשות
איילון מיטב מקיפה 60 ומעלה,201905,0.180000007,4.94,175,קרנות חדשות
"איילון מיטב מקיפה אג""ח עד 25% במנית",201905,0.180000007,4.96,1.8,קרנות חדשות
"פסגות פנסיה מקיפה חו""ל",201905,0.230000004,5,0.3,קרנות חדשות
הלמן-אלדובי קרן פנסיה מקיפה לבני 60 ומעלה,201905,0.050000001,5.07,127.7,קרנות חדשות
מגדל מקפת אישית לבני 60 ומעלה,201905,0.230000004,5.19,254.3,קרנות חדשות
הראל פנסיה- הלכה למקבלי קצבה קיימים,201905,0.219999999,5.26,2.8,קרנות חדשות
פסגות פנסיה - פנסיונרים,201905,0.230000004,5.3,4.9,קרנות חדשות
איילון מיטב מקיפה מסלול בסיסי למקבלי קצבה (למעט לפנסיונרים זכאים קיימים),201905,0.180000007,5.33,-9.4,קרנות חדשות
"הפניקס מסלול אג""ח עד 25% מניות",201905,0.239999995,5.36,5.2,קרנות חדשות
פסגות מקיפה - אפיק הלכה,201905,0.230000004,5.39,33.4,קרנות חדשות
הראל פנסיה - גילאי 60 ומעלה,201905,0.219999999,5.4,209.2,קרנות חדשות
מנורה מבטחים פנסיה - מסלול יעד לפרישה 2025,201905,0.189999998,5.44,374.4,קרנות חדשות
פסגות פנסיה מקיפה - מסלול לבני 50 עד 60,201905,0.230000004,5.45,111.5,קרנות חדשות
הפניקס פנסיה מקיפה - מסלול בסיסי למקבלי קצבה,201905,0.239999995,5.48,-13.1,קרנות חדשות
מנורה מבטחים פנסיה - תיק זכאים קיימים,201905,0.189999998,5.49,-16.5,קרנות חדשות
אלטשולר שחם פנסיה מקיפה מסלול בסיסי למקבלי קצבה קיימים,201905,0.170000002,5.5,-2,קרנות חדשות
מסלול הלכה למקבלי קצבה קיימים,201905,0.209999993,5.52,-1.3,קרנות חדשות
כלל פנסיה 60 ומעלה,201905,0.209999993,5.53,259.2,קרנות חדשות
מסלול בסיסי למקבלי קצבה קיימים ,201905,0.209999993,5.56,-345.1,קרנות חדשות
איילון מיטב מקיפה הלכה,201905,0.180000007,5.62,47.9,קרנות חדשות
מגדל מקפת אישית הלכה,201905,0.230000004,5.63,144.7,קרנות חדשות
מסלול קצבה לזכאים קיימים ,201905,0.239999995,5.68,-0.3,קרנות חדשות
מנורה מבטחים פנסיה - מסלול הלכה,201905,0.189999998,5.68,167.9,קרנות חדשות
מגדל מקפת אישית לבני 50 עד 60,201905,0.230000004,5.71,423.1,קרנות חדשות
מסלול פנסיה לזכאים קיימים ,201905,0.209999993,5.73,-7.4,קרנות חדשות
חושן (כהלכה),201905,0.209999993,5.75,47.1,קרנות חדשות
איילון מיטב מקיפה קצבה לזכאים קיימים,201905,0.180000007,5.76,-0.5,קרנות חדשות
הפניקס פנסיה מקיפה - מסלול לבני 60 ומעלה,201905,0.239999995,5.76,137.2,קרנות חדשות
מגדל מקפת אישית הלכה למקבלי קצבה קיימים ,201905,0.230000004,5.78,0,קרנות חדשות
פסגות פנסיה מקיפה מסלול הלכה למקבלי קצבה,201905,0.230000004,5.83,0.7,קרנות חדשות
הראל פנסיה - הלכה,201905,0.219999999,5.87,196.8,קרנות חדשות
אלטשולר שחם פנסיה מקיפה מסלול לבני 60 ומעלה,201905,0.170000002,5.9,141.8,קרנות חדשות
הראל פנסיה  - זכאים קיימים לקצבה,201905,0.219999999,5.91,-1.7,קרנות חדשות
הפניקס פנסיה מקיפה - מסלול הלכה ,201905,0.239999995,5.92,75.6,קרנות חדשות
הלמן-אלדובי קרן פנסיה מקיפה לבני 50 עד 60,201905,0.050000001,5.94,170.8,קרנות חדשות
מגדל מקפת אישית לזכאים קיימים לקצבה,201905,0.230000004,5.96,-5.8,קרנות חדשות
הראל  פנסיה - בסיסי למקבלי קצבה קיימים,201905,0.219999999,6.01,-149.1,קרנות חדשות
מנורה מבטחים פנסיה - תיק מקבלי פנסיה קיימים,201905,0.189999998,6.05,-512.9,קרנות חדשות
מגדל מקפת אישית  למקבלי קצבה קיימים,201905,0.230000004,6.12,-258.5,קרנות חדשות
"הפניקס מסלול פאסיבי - מדדי מניות חו""ל ",201905,0.239999995,6.17,82,קרנות חדשות
הראל פנסיה - גילאי 50 עד 60,201905,0.219999999,6.18,455.4,קרנות חדשות
הפניקס פנסיה מקיפה - מסלול לבני 50 עד 60 ,201905,0.239999995,6.19,377.8,קרנות חדשות
מנורה מבטחים פנסיה - מסלול יעד לפרישה 2030,201905,0.189999998,6.22,562.6,קרנות חדשות
מגדל מקפת אישית לבני 50 ומטה,201905,0.230000004,6.25,2240.6,קרנות חדשות
כלל פנסיה 50-60,201905,0.209999993,6.36,501.8,קרנות חדשות
איילון מיטב מקיפה 50-60,201905,0.180000007,6.4,55.5,קרנות חדשות
מגדל מקפת אישית כללי,201905,0.230000004,6.4,247.1,קרנות חדשות
פסגות פנסיה מקיפה - מסלול לבני 50 ומטה,201905,0.230000004,6.76,348.7,קרנות חדשות
הראל פנסיה - גילאי 50 ומטה,201905,0.219999999,6.77,8586.9,קרנות חדשות
הלמן-אלדובי קרן פנסיה מקיפה לבני 50 ומטה,201905,0.050000001,6.82,913.3,קרנות חדשות
הראל פנסיה - מנוף כללי,201905,0.219999999,6.86,337.7,קרנות חדשות
הראל  פנסיה - גילעד כללי,201905,0.219999999,6.94,-46.4,קרנות חדשות
מנורה מבטחים פנסיה - כללי ,201905,0.189999998,6.95,-187,קרנות חדשות
אלטשולר שחם פנסיה מקיפה מסלול הלכה,201905,0.170000002,6.96,32.4,קרנות חדשות
איילון מיטב מקיפה מסלול לבני 50 ומטה,201905,0.180000007,6.99,1290.9,קרנות חדשות
מנורה מבטחים פנסיה - מסלול יעד לפרישה 2035,201905,0.189999998,7.02,779.3,קרנות חדשות
כלל פנסיה עד 50,201905,0.209999993,7.07,2160,קרנות חדשות
הפניקס פנסיה מקיפה  - מסלול לבני 50 ומטה ,201905,0.239999995,7.18,2505.5,קרנות חדשות
ספיר,201905,0.209999993,7.23,-233,קרנות חדשות
פסגות מקיפה - אפיק מניות,201905,0.230000004,7.29,8,קרנות חדשות
הראל פנסיה - מניות,201905,0.219999999,7.39,316.3,קרנות חדשות
מנורה מבטחים פנסיה - מסלול יעד לפרישה 2060,201905,0.189999998,7.52,1095.1,קרנות חדשות
מגדל מקפת אישית מניות,201905,0.230000004,7.56,261.3,קרנות חדשות
איילון מיטב פנסיה מקיפה פאסיבי- מדדי מניות,201905,0.180000007,7.59,22.1,קרנות חדשות
מנורה מבטחים פנסיה - מסלול יעד לפרישה 2055,201905,0.189999998,7.61,1153.8,קרנות חדשות
מנורה מבטחים פנסיה - מסלול יעד לפרישה 2050,201905,0.189999998,7.67,1256.4,קרנות חדשות
מנורה מבטחים פנסיה - מסלול יעד לפרישה 2045,201905,0.189999998,7.73,1303.1,קרנות חדשות
מנורה מבטחים פנסיה - מסלול יעד לפרישה 2040,201905,0.189999998,7.75,1173.3,קרנות חדשות
איילון מיטב מקיפה - מסלול מניות,201905,0.180000007,7.8,29.3,קרנות חדשות
אלטשולר שחם פנסיה מקיפה מסלול לבני 50-60,201905,0.170000002,7.99,366.2,קרנות חדשות
כלל פנסיה מניות ,201905,0.209999993,8.32,217.4,קרנות חדשות
הפניקס פנסיה מקיפה - הפניקס מסלול מניות,201905,0.239999995,8.46,278.2,קרנות חדשות
מנורה מבטחים פנסיה - מסלול מניות ,201905,0.189999998,9.05,223.6,קרנות חדשות
אלטשולר שחם פנסיה מקיפה מסלול לבני 50 ומטה,201905,0.170000002,9.43,2717.9,קרנות חדשות
הראל פנסיה - שיקלי טווח קצר,201906,0.219999999,1.63,788.3,קרנות חדשות
הפניקס פנסיה מקיפה - הפניקס מסלול שקלי טווח קצר,201906,0.239999995,1.67,0.6,קרנות חדשות
מגדל מקפת אישית שקלי טווח קצר,201906,0.230000004,1.67,4.6,קרנות חדשות
"מנורה מבטחים פנסיה - מסלול אג""ח",201906,0.189999998,3.21,744.8,קרנות חדשות
"הפניקס מסלול פאסיבי - מדדי אג""ח חו""ל",201906,0.239999995,3.79,1.5,קרנות חדשות
"איילון מיטב מקיפה - מסלול אג""ח (ללא מניות)",201906,0.180000007,3.89,5.4,קרנות חדשות
"כלל פנסיה אג""ח",201906,0.209999993,4.08,9.7,קרנות חדשות
"מגדל מקפת אישית אג""ח",201906,0.230000004,4.12,9,קרנות חדשות
"פסגות פנסיה מקיפה אג""ח עד 20% מניות",201906,0.230000004,4.29,0.5,קרנות חדשות
הלמן-אלדובי קרן פנסיה מקיפה מסלול בסיסי למקבלי קצבה קיימים (עד 1.1.18),201906,0.050000001,4.33,0.9,קרנות חדשות
"הראל פנסיה - אג""ח ללא מניות",201906,0.219999999,4.36,8.1,קרנות חדשות
מנורה מבטחים פנסיה - מסלול יעד לפרישה 2020,201906,0.189999998,4.54,100.7,קרנות חדשות
"הפניקס פנסיה מקיפה - הפניקס מסלול אג""ח ",201906,0.239999995,4.59,5.3,קרנות חדשות
פסגות פנסיה מקיפה לבני 60 ומעלה,201906,0.230000004,4.64,64.1,קרנות חדשות
"מסלול אג""ח עד 15% מניות ",201906,0.209999993,4.85,-2.5,קרנות חדשות
"איילון מיטב פנסיה מקיפה פאסיבי- מדדי אג""ח עד 25% במדדי מניות",201906,0.180000007,4.88,0.7,קרנות חדשות
איילון מיטב מקיפה 60 ומעלה,201906,0.180000007,4.94,175,קרנות חדשות
"איילון מיטב מקיפה אג""ח עד 25% במנית",201906,0.180000007,4.96,1.8,קרנות חדשות
"פסגות פנסיה מקיפה חו""ל",201906,0.230000004,5,0.3,קרנות חדשות
הלמן-אלדובי קרן פנסיה מקיפה לבני 60 ומעלה,201906,0.050000001,5.07,127.7,קרנות חדשות
מגדל מקפת אישית לבני 60 ומעלה,201906,0.230000004,5.19,254.3,קרנות חדשות
הראל פנסיה- הלכה למקבלי קצבה קיימים,201906,0.219999999,5.26,2.8,קרנות חדשות
פסגות פנסיה - פנסיונרים,201906,0.230000004,5.3,4.9,קרנות חדשות
איילון מיטב מקיפה מסלול בסיסי למקבלי קצבה (למעט לפנסיונרים זכאים קיימים),201906,0.180000007,5.33,-9.4,קרנות חדשות
"הפניקס מסלול אג""ח עד 25% מניות",201906,0.239999995,5.36,5.2,קרנות חדשות
פסגות מקיפה - אפיק הלכה,201906,0.230000004,5.39,33.4,קרנות חדשות
הראל פנסיה - גילאי 60 ומעלה,201906,0.219999999,5.4,209.2,קרנות חדשות
מנורה מבטחים פנסיה - מסלול יעד לפרישה 2025,201906,0.189999998,5.44,374.4,קרנות חדשות
פסגות פנסיה מקיפה - מסלול לבני 50 עד 60,201906,0.230000004,5.45,111.5,קרנות חדשות
הפניקס פנסיה מקיפה - מסלול בסיסי למקבלי קצבה,201906,0.239999995,5.48,-13.1,קרנות חדשות
מנורה מבטחים פנסיה - תיק זכאים קיימים,201906,0.189999998,5.49,-16.5,קרנות חדשות
אלטשולר שחם פנסיה מקיפה מסלול בסיסי למקבלי קצבה קיימים,201906,0.170000002,5.5,-2,קרנות חדשות
מסלול הלכה למקבלי קצבה קיימים,201906,0.209999993,5.52,-1.3,קרנות חדשות
כלל פנסיה 60 ומעלה,201906,0.209999993,5.53,259.2,קרנות חדשות
מסלול בסיסי למקבלי קצבה קיימים ,201906,0.209999993,5.56,-345.1,קרנות חדשות
איילון מיטב מקיפה הלכה,201906,0.180000007,5.62,47.9,קרנות חדשות
מגדל מקפת אישית הלכה,201906,0.230000004,5.63,144.7,קרנות חדשות
מסלול קצבה לזכאים קיימים ,201906,0.239999995,5.68,-0.3,קרנות חדשות
מנורה מבטחים פנסיה - מסלול הלכה,201906,0.189999998,5.68,167.9,קרנות חדשות
מגדל מקפת אישית לבני 50 עד 60,201906,0.230000004,5.71,423.1,קרנות חדשות
מסלול פנסיה לזכאים קיימים ,201906,0.209999993,5.73,-7.4,קרנות חדשות
חושן (כהלכה),201906,0.209999993,5.75,47.1,קרנות חדשות
איילון מיטב מקיפה קצבה לזכאים קיימים,201906,0.180000007,5.76,-0.5,קרנות חדשות
הפניקס פנסיה מקיפה - מסלול לבני 60 ומעלה,201906,0.239999995,5.76,137.2,קרנות חדשות
מגדל מקפת אישית הלכה למקבלי קצבה קיימים ,201906,0.230000004,5.78,0,קרנות חדשות
פסגות פנסיה מקיפה מסלול הלכה למקבלי קצבה,201906,0.230000004,5.83,0.7,קרנות חדשות
הראל פנסיה - הלכה,201906,0.219999999,5.87,196.8,קרנות חדשות
אלטשולר שחם פנסיה מקיפה מסלול לבני 60 ומעלה,201906,0.170000002,5.9,141.8,קרנות חדשות
הראל פנסיה  - זכאים קיימים לקצבה,201906,0.219999999,5.91,-1.7,קרנות חדשות
הפניקס פנסיה מקיפה - מסלול הלכה ,201906,0.239999995,5.92,75.6,קרנות חדשות
הלמן-אלדובי קרן פנסיה מקיפה לבני 50 עד 60,201906,0.050000001,5.94,170.8,קרנות חדשות
מגדל מקפת אישית לזכאים קיימים לקצבה,201906,0.230000004,5.96,-5.8,קרנות חדשות
הראל  פנסיה - בסיסי למקבלי קצבה קיימים,201906,0.219999999,6.01,-149.1,קרנות חדשות
מנורה מבטחים פנסיה - תיק מקבלי פנסיה קיימים,201906,0.189999998,6.05,-512.9,קרנות חדשות
מגדל מקפת אישית  למקבלי קצבה קיימים,201906,0.230000004,6.12,-258.5,קרנות חדשות
"הפניקס מסלול פאסיבי - מדדי מניות חו""ל ",201906,0.239999995,6.17,82,קרנות חדשות
הראל פנסיה - גילאי 50 עד 60,201906,0.219999999,6.18,455.4,קרנות חדשות
הפניקס פנסיה מקיפה - מסלול לבני 50 עד 60 ,201906,0.239999995,6.19,377.8,קרנות חדשות
מנורה מבטחים פנסיה - מסלול יעד לפרישה 2030,201906,0.189999998,6.22,562.6,קרנות חדשות
מגדל מקפת אישית לבני 50 ומטה,201906,0.230000004,6.25,2240.6,קרנות חדשות
כלל פנסיה 50-60,201906,0.209999993,6.36,501.8,קרנות חדשות
איילון מיטב מקיפה 50-60,201906,0.180000007,6.4,55.5,קרנות חדשות
מגדל מקפת אישית כללי,201906,0.230000004,6.4,247.1,קרנות חדשות
פסגות פנסיה מקיפה - מסלול לבני 50 ומטה,201906,0.230000004,6.76,348.7,קרנות חדשות
הראל פנסיה - גילאי 50 ומטה,201906,0.219999999,6.77,8586.9,קרנות חדשות
הלמן-אלדובי קרן פנסיה מקיפה לבני 50 ומטה,201906,0.050000001,6.82,913.3,קרנות חדשות
הראל פנסיה - מנוף כללי,201906,0.219999999,6.86,337.7,קרנות חדשות
הראל  פנסיה - גילעד כללי,201906,0.219999999,6.94,-46.4,קרנות חדשות
מנורה מבטחים פנסיה - כללי ,201906,0.189999998,6.95,-187,קרנות חדשות
אלטשולר שחם פנסיה מקיפה מסלול הלכה,201906,0.170000002,6.96,32.4,קרנות חדשות
איילון מיטב מקיפה מסלול לבני 50 ומטה,201906,0.180000007,6.99,1290.9,קרנות חדשות
מנורה מבטחים פנסיה - מסלול יעד לפרישה 2035,201906,0.189999998,7.02,779.3,קרנות חדשות
כלל פנסיה עד 50,201906,0.209999993,7.07,2160,קרנות חדשות
הפניקס פנסיה מקיפה  - מסלול לבני 50 ומטה ,201906,0.239999995,7.18,2505.5,קרנות חדשות
ספיר,201906,0.209999993,7.23,-233,קרנות חדשות
פסגות מקיפה - אפיק מניות,201906,0.230000004,7.29,8,קרנות חדשות
הראל פנסיה - מניות,201906,0.219999999,7.39,316.3,קרנות חדשות
מנורה מבטחים פנסיה - מסלול יעד לפרישה 2060,201906,0.189999998,7.52,1095.1,קרנות חדשות
מגדל מקפת אישית מניות,201906,0.230000004,7.56,261.3,קרנות חדשות
איילון מיטב פנסיה מקיפה פאסיבי- מדדי מניות,201906,0.180000007,7.59,22.1,קרנות חדשות
מנורה מבטחים פנסיה - מסלול יעד לפרישה 2055,201906,0.189999998,7.61,1153.8,קרנות חדשות
מנורה מבטחים פנסיה - מסלול יעד לפרישה 2050,201906,0.189999998,7.67,1256.4,קרנות חדשות
מנורה מבטחים פנסיה - מסלול יעד לפרישה 2045,201906,0.189999998,7.73,1303.1,קרנות חדשות
מנורה מבטחים פנסיה - מסלול יעד לפרישה 2040,201906,0.189999998,7.75,1173.3,קרנות חדשות
איילון מיטב מקיפה - מסלול מניות,201906,0.180000007,7.8,29.3,קרנות חדשות
אלטשולר שחם פנסיה מקיפה מסלול לבני 50-60,201906,0.170000002,7.99,366.2,קרנות חדשות
כלל פנסיה מניות ,201906,0.209999993,8.32,217.4,קרנות חדשות
הפניקס פנסיה מקיפה - הפניקס מסלול מניות,201906,0.239999995,8.46,278.2,קרנות חדשות
מנורה מבטחים פנסיה - מסלול מניות ,201906,0.189999998,9.05,223.6,קרנות חדשות
אלטשולר שחם פנסיה מקיפה מסלול לבני 50 ומטה,201906,0.170000002,9.43,2717.9,קרנות חדשות
הראל פנסיה - שיקלי טווח קצר,201907,0.219999999,1.63,788.3,קרנות חדשות
הפניקס פנסיה מקיפה - הפניקס מסלול שקלי טווח קצר,201907,0.239999995,1.67,0.6,קרנות חדשות
מגדל מקפת אישית שקלי טווח קצר,201907,0.230000004,1.67,4.6,קרנות חדשות
"מנורה מבטחים פנסיה - מסלול אג""ח",201907,0.189999998,3.21,744.8,קרנות חדשות
"הפניקס מסלול פאסיבי - מדדי אג""ח חו""ל",201907,0.239999995,3.79,1.5,קרנות חדשות
"איילון מיטב מקיפה - מסלול אג""ח (ללא מניות)",201907,0.180000007,3.89,5.4,קרנות חדשות
"כלל פנסיה אג""ח",201907,0.209999993,4.08,9.7,קרנות חדשות
"מגדל מקפת אישית אג""ח",201907,0.230000004,4.12,9,קרנות חדשות
"פסגות פנסיה מקיפה אג""ח עד 20% מניות",201907,0.230000004,4.29,0.5,קרנות חדשות
הלמן-אלדובי קרן פנסיה מקיפה מסלול בסיסי למקבלי קצבה קיימים (עד 1.1.18),201907,0.050000001,4.33,0.9,קרנות חדשות
"הראל פנסיה - אג""ח ללא מניות",201907,0.219999999,4.36,8.1,קרנות חדשות
מנורה מבטחים פנסיה - מסלול יעד לפרישה 2020,201907,0.189999998,4.54,100.7,קרנות חדשות
"הפניקס פנסיה מקיפה - הפניקס מסלול אג""ח ",201907,0.239999995,4.59,5.3,קרנות חדשות
פסגות פנסיה מקיפה לבני 60 ומעלה,201907,0.230000004,4.64,64.1,קרנות חדשות
"מסלול אג""ח עד 15% מניות ",201907,0.209999993,4.85,-2.5,קרנות חדשות
"איילון מיטב פנסיה מקיפה פאסיבי- מדדי אג""ח עד 25% במדדי מניות",201907,0.180000007,4.88,0.7,קרנות חדשות
איילון מיטב מקיפה 60 ומעלה,201907,0.180000007,4.94,175,קרנות חדשות
"איילון מיטב מקיפה אג""ח עד 25% במנית",201907,0.180000007,4.96,1.8,קרנות חדשות
"פסגות פנסיה מקיפה חו""ל",201907,0.230000004,5,0.3,קרנות חדשות
הלמן-אלדובי קרן פנסיה מקיפה לבני 60 ומעלה,201907,0.050000001,5.07,127.7,קרנות חדשות
מגדל מקפת אישית לבני 60 ומעלה,201907,0.230000004,5.19,254.3,קרנות חדשות
הראל פנסיה- הלכה למקבלי קצבה קיימים,201907,0.219999999,5.26,2.8,קרנות חדשות
פסגות פנסיה - פנסיונרים,201907,0.230000004,5.3,4.9,קרנות חדשות
איילון מיטב מקיפה מסלול בסיסי למקבלי קצבה (למעט לפנסיונרים זכאים קיימים),201907,0.180000007,5.33,-9.4,קרנות חדשות
"הפניקס מסלול אג""ח עד 25% מניות",201907,0.239999995,5.36,5.2,קרנות חדשות
פסגות מקיפה - אפיק הלכה,201907,0.230000004,5.39,33.4,קרנות חדשות
הראל פנסיה - גילאי 60 ומעלה,201907,0.219999999,5.4,209.2,קרנות חדשות
מנורה מבטחים פנסיה - מסלול יעד לפרישה 2025,201907,0.189999998,5.44,374.4,קרנות חדשות
פסגות פנסיה מקיפה - מסלול לבני 50 עד 60,201907,0.230000004,5.45,111.5,קרנות חדשות
הפניקס פנסיה מקיפה - מסלול בסיסי למקבלי קצבה,201907,0.239999995,5.48,-13.1,קרנות חדשות
מנורה מבטחים פנסיה - תיק זכאים קיימים,201907,0.189999998,5.49,-16.5,קרנות חדשות
אלטשולר שחם פנסיה מקיפה מסלול בסיסי למקבלי קצבה קיימים,201907,0.170000002,5.5,-2,קרנות חדשות
מסלול הלכה למקבלי קצבה קיימים,201907,0.209999993,5.52,-1.3,קרנות חדשות
כלל פנסיה 60 ומעלה,201907,0.209999993,5.53,259.2,קרנות חדשות
מסלול בסיסי למקבלי קצבה קיימים ,201907,0.209999993,5.56,-345.1,קרנות חדשות
איילון מיטב מקיפה הלכה,201907,0.180000007,5.62,47.9,קרנות חדשות
מגדל מקפת אישית הלכה,201907,0.230000004,5.63,144.7,קרנות חדשות
מסלול קצבה לזכאים קיימים ,201907,0.239999995,5.68,-0.3,קרנות חדשות
מנורה מבטחים פנסיה - מסלול הלכה,201907,0.189999998,5.68,167.9,קרנות חדשות
מגדל מקפת אישית לבני 50 עד 60,201907,0.230000004,5.71,423.1,קרנות חדשות
מסלול פנסיה לזכאים קיימים ,201907,0.209999993,5.73,-7.4,קרנות חדשות
חושן (כהלכה),201907,0.209999993,5.75,47.1,קרנות חדשות
איילון מיטב מקיפה קצבה לזכאים קיימים,201907,0.180000007,5.76,-0.5,קרנות חדשות
הפניקס פנסיה מקיפה - מסלול לבני 60 ומעלה,201907,0.239999995,5.76,137.2,קרנות חדשות
מגדל מקפת אישית הלכה למקבלי קצבה קיימים ,201907,0.230000004,5.78,0,קרנות חדשות
פסגות פנסיה מקיפה מסלול הלכה למקבלי קצבה,201907,0.230000004,5.83,0.7,קרנות חדשות
הראל פנסיה - הלכה,201907,0.219999999,5.87,196.8,קרנות חדשות
אלטשולר שחם פנסיה מקיפה מסלול לבני 60 ומעלה,201907,0.170000002,5.9,141.8,קרנות חדשות
הראל פנסיה  - זכאים קיימים לקצבה,201907,0.219999999,5.91,-1.7,קרנות חדשות
הפניקס פנסיה מקיפה - מסלול הלכה ,201907,0.239999995,5.92,75.6,קרנות חדשות
הלמן-אלדובי קרן פנסיה מקיפה לבני 50 עד 60,201907,0.050000001,5.94,170.8,קרנות חדשות
מגדל מקפת אישית לזכאים קיימים לקצבה,201907,0.230000004,5.96,-5.8,קרנות חדשות
הראל  פנסיה - בסיסי למקבלי קצבה קיימים,201907,0.219999999,6.01,-149.1,קרנות חדשות
מנורה מבטחים פנסיה - תיק מקבלי פנסיה קיימים,201907,0.189999998,6.05,-512.9,קרנות חדשות
מגדל מקפת אישית  למקבלי קצבה קיימים,201907,0.230000004,6.12,-258.5,קרנות חדשות
"הפניקס מסלול פאסיבי - מדדי מניות חו""ל ",201907,0.239999995,6.17,82,קרנות חדשות
הראל פנסיה - גילאי 50 עד 60,201907,0.219999999,6.18,455.4,קרנות חדשות
הפניקס פנסיה מקיפה - מסלול לבני 50 עד 60 ,201907,0.239999995,6.19,377.8,קרנות חדשות
מנורה מבטחים פנסיה - מסלול יעד לפרישה 2030,201907,0.189999998,6.22,562.6,קרנות חדשות
מגדל מקפת אישית לבני 50 ומטה,201907,0.230000004,6.25,2240.6,קרנות חדשות
כלל פנסיה 50-60,201907,0.209999993,6.36,501.8,קרנות חדשות
איילון מיטב מקיפה 50-60,201907,0.180000007,6.4,55.5,קרנות חדשות
מגדל מקפת אישית כללי,201907,0.230000004,6.4,247.1,קרנות חדשות
פסגות פנסיה מקיפה - מסלול לבני 50 ומטה,201907,0.230000004,6.76,348.7,קרנות חדשות
הראל פנסיה - גילאי 50 ומטה,201907,0.219999999,6.77,8586.9,קרנות חדשות
הלמן-אלדובי קרן פנסיה מקיפה לבני 50 ומטה,201907,0.050000001,6.82,913.3,קרנות חדשות
הראל פנסיה - מנוף כללי,201907,0.219999999,6.86,337.7,קרנות חדשות
הראל  פנסיה - גילעד כללי,201907,0.219999999,6.94,-46.4,קרנות חדשות
מנורה מבטחים פנסיה - כללי ,201907,0.189999998,6.95,-187,קרנות חדשות
אלטשולר שחם פנסיה מקיפה מסלול הלכה,201907,0.170000002,6.96,32.4,קרנות חדשות
איילון מיטב מקיפה מסלול לבני 50 ומטה,201907,0.180000007,6.99,1290.9,קרנות חדשות
מנורה מבטחים פנסיה - מסלול יעד לפרישה 2035,201907,0.189999998,7.02,779.3,קרנות חדשות
כלל פנסיה עד 50,201907,0.209999993,7.07,2160,קרנות חדשות
הפניקס פנסיה מקיפה  - מסלול לבני 50 ומטה ,201907,0.239999995,7.18,2505.5,קרנות חדשות
ספיר,201907,0.209999993,7.23,-233,קרנות חדשות
פסגות מקיפה - אפיק מניות,201907,0.230000004,7.29,8,קרנות חדשות
הראל פנסיה - מניות,201907,0.219999999,7.39,316.3,קרנות חדשות
מנורה מבטחים פנסיה - מסלול יעד לפרישה 2060,201907,0.189999998,7.52,1095.1,קרנות חדשות
מגדל מקפת אישית מניות,201907,0.230000004,7.56,261.3,קרנות חדשות
איילון מיטב פנסיה מקיפה פאסיבי- מדדי מניות,201907,0.180000007,7.59,22.1,קרנות חדשות
מנורה מבטחים פנסיה - מסלול יעד לפרישה 2055,201907,0.189999998,7.61,1153.8,קרנות חדשות
מנורה מבטחים פנסיה - מסלול יעד לפרישה 2050,201907,0.189999998,7.67,1256.4,קרנות חדשות
מנורה מבטחים פנסיה - מסלול יעד לפרישה 2045,201907,0.189999998,7.73,1303.1,קרנות חדשות
מנורה מבטחים פנסיה - מסלול יעד לפרישה 2040,201907,0.189999998,7.75,1173.3,קרנות חדשות
איילון מיטב מקיפה - מסלול מניות,201907,0.180000007,7.8,29.3,קרנות חדשות
אלטשולר שחם פנסיה מקיפה מסלול לבני 50-60,201907,0.170000002,7.99,366.2,קרנות חדשות
כלל פנסיה מניות ,201907,0.209999993,8.32,217.4,קרנות חדשות
הפניקס פנסיה מקיפה - הפניקס מסלול מניות,201907,0.239999995,8.46,278.2,קרנות חדשות
מנורה מבטחים פנסיה - מסלול מניות ,201907,0.189999998,9.05,223.6,קרנות חדשות
אלטשולר שחם פנסיה מקיפה מסלול לבני 50 ומטה,201907,0.170000002,9.43,2717.9,קרנות חדשות
הראל פנסיה - שיקלי טווח קצר,201908,0.219999999,1.63,788.3,קרנות חדשות
הפניקס פנסיה מקיפה - הפניקס מסלול שקלי טווח קצר,201908,0.239999995,1.67,0.6,קרנות חדשות
מגדל מקפת אישית שקלי טווח קצר,201908,0.230000004,1.67,4.6,קרנות חדשות
"מנורה מבטחים פנסיה - מסלול אג""ח",201908,0.189999998,3.21,744.8,קרנות חדשות
"הפניקס מסלול פאסיבי - מדדי אג""ח חו""ל",201908,0.239999995,3.79,1.5,קרנות חדשות
"איילון מיטב מקיפה - מסלול אג""ח (ללא מניות)",201908,0.180000007,3.89,5.4,קרנות חדשות
"כלל פנסיה אג""ח",201908,0.209999993,4.08,9.7,קרנות חדשות
"מגדל מקפת אישית אג""ח",201908,0.230000004,4.12,9,קרנות חדשות
"פסגות פנסיה מקיפה אג""ח עד 20% מניות",201908,0.230000004,4.29,0.5,קרנות חדשות
הלמן-אלדובי קרן פנסיה מקיפה מסלול בסיסי למקבלי קצבה קיימים (עד 1.1.18),201908,0.050000001,4.33,0.9,קרנות חדשות
"הראל פנסיה - אג""ח ללא מניות",201908,0.219999999,4.36,8.1,קרנות חדשות
מנורה מבטחים פנסיה - מסלול יעד לפרישה 2020,201908,0.189999998,4.54,100.7,קרנות חדשות
"הפניקס פנסיה מקיפה - הפניקס מסלול אג""ח ",201908,0.239999995,4.59,5.3,קרנות חדשות
פסגות פנסיה מקיפה לבני 60 ומעלה,201908,0.230000004,4.64,64.1,קרנות חדשות
"מסלול אג""ח עד 15% מניות ",201908,0.209999993,4.85,-2.5,קרנות חדשות
"איילון מיטב פנסיה מקיפה פאסיבי- מדדי אג""ח עד 25% במדדי מניות",201908,0.180000007,4.88,0.7,קרנות חדשות
איילון מיטב מקיפה 60 ומעלה,201908,0.180000007,4.94,175,קרנות חדשות
"איילון מיטב מקיפה אג""ח עד 25% במנית",201908,0.180000007,4.96,1.8,קרנות חדשות
"פסגות פנסיה מקיפה חו""ל",201908,0.230000004,5,0.3,קרנות חדשות
הלמן-אלדובי קרן פנסיה מקיפה לבני 60 ומעלה,201908,0.050000001,5.07,127.7,קרנות חדשות
מגדל מקפת אישית לבני 60 ומעלה,201908,0.230000004,5.19,254.3,קרנות חדשות
הראל פנסיה- הלכה למקבלי קצבה קיימים,201908,0.219999999,5.26,2.8,קרנות חדשות
פסגות פנסיה - פנסיונרים,201908,0.230000004,5.3,4.9,קרנות חדשות
איילון מיטב מקיפה מסלול בסיסי למקבלי קצבה (למעט לפנסיונרים זכאים קיימים),201908,0.180000007,5.33,-9.4,קרנות חדשות
"הפניקס מסלול אג""ח עד 25% מניות",201908,0.239999995,5.36,5.2,קרנות חדשות
פסגות מקיפה - אפיק הלכה,201908,0.230000004,5.39,33.4,קרנות חדשות
הראל פנסיה - גילאי 60 ומעלה,201908,0.219999999,5.4,209.2,קרנות חדשות
מנורה מבטחים פנסיה - מסלול יעד לפרישה 2025,201908,0.189999998,5.44,374.4,קרנות חדשות
פסגות פנסיה מקיפה - מסלול לבני 50 עד 60,201908,0.230000004,5.45,111.5,קרנות חדשות
הפניקס פנסיה מקיפה - מסלול בסיסי למקבלי קצבה,201908,0.239999995,5.48,-13.1,קרנות חדשות
מנורה מבטחים פנסיה - תיק זכאים קיימים,201908,0.189999998,5.49,-16.5,קרנות חדשות
אלטשולר שחם פנסיה מקיפה מסלול בסיסי למקבלי קצבה קיימים,201908,0.170000002,5.5,-2,קרנות חדשות
מסלול הלכה למקבלי קצבה קיימים,201908,0.209999993,5.52,-1.3,קרנות חדשות
כלל פנסיה 60 ומעלה,201908,0.209999993,5.53,259.2,קרנות חדשות
מסלול בסיסי למקבלי קצבה קיימים ,201908,0.209999993,5.56,-345.1,קרנות חדשות
איילון מיטב מקיפה הלכה,201908,0.180000007,5.62,47.9,קרנות חדשות
מגדל מקפת אישית הלכה,201908,0.230000004,5.63,144.7,קרנות חדשות
מסלול קצבה לזכאים קיימים ,201908,0.239999995,5.68,-0.3,קרנות חדשות
מנורה מבטחים פנסיה - מסלול הלכה,201908,0.189999998,5.68,167.9,קרנות חדשות
מגדל מקפת אישית לבני 50 עד 60,201908,0.230000004,5.71,423.1,קרנות חדשות
מסלול פנסיה לזכאים קיימים ,201908,0.209999993,5.73,-7.4,קרנות חדשות
חושן (כהלכה),201908,0.209999993,5.75,47.1,קרנות חדשות
איילון מיטב מקיפה קצבה לזכאים קיימים,201908,0.180000007,5.76,-0.5,קרנות חדשות
הפניקס פנסיה מקיפה - מסלול לבני 60 ומעלה,201908,0.239999995,5.76,137.2,קרנות חדשות
מגדל מקפת אישית הלכה למקבלי קצבה קיימים ,201908,0.230000004,5.78,0,קרנות חדשות
פסגות פנסיה מקיפה מסלול הלכה למקבלי קצבה,201908,0.230000004,5.83,0.7,קרנות חדשות
הראל פנסיה - הלכה,201908,0.219999999,5.87,196.8,קרנות חדשות
אלטשולר שחם פנסיה מקיפה מסלול לבני 60 ומעלה,201908,0.170000002,5.9,141.8,קרנות חדשות
הראל פנסיה  - זכאים קיימים לקצבה,201908,0.219999999,5.91,-1.7,קרנות חדשות
הפניקס פנסיה מקיפה - מסלול הלכה ,201908,0.239999995,5.92,75.6,קרנות חדשות
הלמן-אלדובי קרן פנסיה מקיפה לבני 50 עד 60,201908,0.050000001,5.94,170.8,קרנות חדשות
מגדל מקפת אישית לזכאים קיימים לקצבה,201908,0.230000004,5.96,-5.8,קרנות חדשות
הראל  פנסיה - בסיסי למקבלי קצבה קיימים,201908,0.219999999,6.01,-149.1,קרנות חדשות
מנורה מבטחים פנסיה - תיק מקבלי פנסיה קיימים,201908,0.189999998,6.05,-512.9,קרנות חדשות
מגדל מקפת אישית  למקבלי קצבה קיימים,201908,0.230000004,6.12,-258.5,קרנות חדשות
"הפניקס מסלול פאסיבי - מדדי מניות חו""ל ",201908,0.239999995,6.17,82,קרנות חדשות
הראל פנסיה - גילאי 50 עד 60,201908,0.219999999,6.18,455.4,קרנות חדשות
הפניקס פנסיה מקיפה - מסלול לבני 50 עד 60 ,201908,0.239999995,6.19,377.8,קרנות חדשות
מנורה מבטחים פנסיה - מסלול יעד לפרישה 2030,201908,0.189999998,6.22,562.6,קרנות חדשות
מגדל מקפת אישית לבני 50 ומטה,201908,0.230000004,6.25,2240.6,קרנות חדשות
כלל פנסיה 50-60,201908,0.209999993,6.36,501.8,קרנות חדשות
איילון מיטב מקיפה 50-60,201908,0.180000007,6.4,55.5,קרנות חדשות
מגדל מקפת אישית כללי,201908,0.230000004,6.4,247.1,קרנות חדשות
פסגות פנסיה מקיפה - מסלול לבני 50 ומטה,201908,0.230000004,6.76,348.7,קרנות חדשות
הראל פנסיה - גילאי 50 ומטה,201908,0.219999999,6.77,8586.9,קרנות חדשות
הלמן-אלדובי קרן פנסיה מקיפה לבני 50 ומטה,201908,0.050000001,6.82,913.3,קרנות חדשות
הראל פנסיה - מנוף כללי,201908,0.219999999,6.86,337.7,קרנות חדשות
הראל  פנסיה - גילעד כללי,201908,0.219999999,6.94,-46.4,קרנות חדשות
מנורה מבטחים פנסיה - כללי ,201908,0.189999998,6.95,-187,קרנות חדשות
אלטשולר שחם פנסיה מקיפה מסלול הלכה,201908,0.170000002,6.96,32.4,קרנות חדשות
איילון מיטב מקיפה מסלול לבני 50 ומטה,201908,0.180000007,6.99,1290.9,קרנות חדשות
מנורה מבטחים פנסיה - מסלול יעד לפרישה 2035,201908,0.189999998,7.02,779.3,קרנות חדשות
כלל פנסיה עד 50,201908,0.209999993,7.07,2160,קרנות חדשות
הפניקס פנסיה מקיפה  - מסלול לבני 50 ומטה ,201908,0.239999995,7.18,2505.5,קרנות חדשות
ספיר,201908,0.209999993,7.23,-233,קרנות חדשות
פסגות מקיפה - אפיק מניות,201908,0.230000004,7.29,8,קרנות חדשות
הראל פנסיה - מניות,201908,0.219999999,7.39,316.3,קרנות חדשות
מנורה מבטחים פנסיה - מסלול יעד לפרישה 2060,201908,0.189999998,7.52,1095.1,קרנות חדשות
מגדל מקפת אישית מניות,201908,0.230000004,7.56,261.3,קרנות חדשות
איילון מיטב פנסיה מקיפה פאסיבי- מדדי מניות,201908,0.180000007,7.59,22.1,קרנות חדשות
מנורה מבטחים פנסיה - מסלול יעד לפרישה 2055,201908,0.189999998,7.61,1153.8,קרנות חדשות
מנורה מבטחים פנסיה - מסלול יעד לפרישה 2050,201908,0.189999998,7.67,1256.4,קרנות חדשות
מנורה מבטחים פנסיה - מסלול יעד לפרישה 2045,201908,0.189999998,7.73,1303.1,קרנות חדשות
מנורה מבטחים פנסיה - מסלול יעד לפרישה 2040,201908,0.189999998,7.75,1173.3,קרנות חדשות
איילון מיטב מקיפה - מסלול מניות,201908,0.180000007,7.8,29.3,קרנות חדשות
אלטשולר שחם פנסיה מקיפה מסלול לבני 50-60,201908,0.170000002,7.99,366.2,קרנות חדשות
כלל פנסיה מניות ,201908,0.209999993,8.32,217.4,קרנות חדשות
הפניקס פנסיה מקיפה - הפניקס מסלול מניות,201908,0.239999995,8.46,278.2,קרנות חדשות
מנורה מבטחים פנסיה - מסלול מניות ,201908,0.189999998,9.05,223.6,קרנות חדשות
אלטשולר שחם פנסיה מקיפה מסלול לבני 50 ומטה,201908,0.170000002,9.43,2717.9,קרנות חדשות
הראל פנסיה - שיקלי טווח קצר,201909,0.219999999,1.63,788.3,קרנות חדשות
הפניקס פנסיה מקיפה - הפניקס מסלול שקלי טווח קצר,201909,0.239999995,1.67,0.6,קרנות חדשות
מגדל מקפת אישית שקלי טווח קצר,201909,0.230000004,1.67,4.6,קרנות חדשות
"מנורה מבטחים פנסיה - מסלול אג""ח",201909,0.189999998,3.21,744.8,קרנות חדשות
"הפניקס מסלול פאסיבי - מדדי אג""ח חו""ל",201909,0.239999995,3.79,1.5,קרנות חדשות
"איילון מיטב מקיפה - מסלול אג""ח (ללא מניות)",201909,0.180000007,3.89,5.4,קרנות חדשות
"כלל פנסיה אג""ח",201909,0.209999993,4.08,9.7,קרנות חדשות
"מגדל מקפת אישית אג""ח",201909,0.230000004,4.12,9,קרנות חדשות
"פסגות פנסיה מקיפה אג""ח עד 20% מניות",201909,0.230000004,4.29,0.5,קרנות חדשות
הלמן-אלדובי קרן פנסיה מקיפה מסלול בסיסי למקבלי קצבה קיימים (עד 1.1.18),201909,0.050000001,4.33,0.9,קרנות חדשות
"הראל פנסיה - אג""ח ללא מניות",201909,0.219999999,4.36,8.1,קרנות חדשות
מנורה מבטחים פנסיה - מסלול יעד לפרישה 2020,201909,0.189999998,4.54,100.7,קרנות חדשות
"הפניקס פנסיה מקיפה - הפניקס מסלול אג""ח ",201909,0.239999995,4.59,5.3,קרנות חדשות
פסגות פנסיה מקיפה לבני 60 ומעלה,201909,0.230000004,4.64,64.1,קרנות חדשות
"מסלול אג""ח עד 15% מניות ",201909,0.209999993,4.85,-2.5,קרנות חדשות
"איילון מיטב פנסיה מקיפה פאסיבי- מדדי אג""ח עד 25% במדדי מניות",201909,0.180000007,4.88,0.7,קרנות חדשות
איילון מיטב מקיפה 60 ומעלה,201909,0.180000007,4.94,175,קרנות חדשות
"איילון מיטב מקיפה אג""ח עד 25% במנית",201909,0.180000007,4.96,1.8,קרנות חדשות
"פסגות פנסיה מקיפה חו""ל",201909,0.230000004,5,0.3,קרנות חדשות
הלמן-אלדובי קרן פנסיה מקיפה לבני 60 ומעלה,201909,0.050000001,5.07,127.7,קרנות חדשות
מגדל מקפת אישית לבני 60 ומעלה,201909,0.230000004,5.19,254.3,קרנות חדשות
הראל פנסיה- הלכה למקבלי קצבה קיימים,201909,0.219999999,5.26,2.8,קרנות חדשות
פסגות פנסיה - פנסיונרים,201909,0.230000004,5.3,4.9,קרנות חדשות
איילון מיטב מקיפה מסלול בסיסי למקבלי קצבה (למעט לפנסיונרים זכאים קיימים),201909,0.180000007,5.33,-9.4,קרנות חדשות
"הפניקס מסלול אג""ח עד 25% מניות",201909,0.239999995,5.36,5.2,קרנות חדשות
פסגות מקיפה - אפיק הלכה,201909,0.230000004,5.39,33.4,קרנות חדשות
הראל פנסיה - גילאי 60 ומעלה,201909,0.219999999,5.4,209.2,קרנות חדשות
מנורה מבטחים פנסיה - מסלול יעד לפרישה 2025,201909,0.189999998,5.44,374.4,קרנות חדשות
פסגות פנסיה מקיפה - מסלול לבני 50 עד 60,201909,0.230000004,5.45,111.5,קרנות חדשות
הפניקס פנסיה מקיפה - מסלול בסיסי למקבלי קצבה,201909,0.239999995,5.48,-13.1,קרנות חדשות
מנורה מבטחים פנסיה - תיק זכאים קיימים,201909,0.189999998,5.49,-16.5,קרנות חדשות
אלטשולר שחם פנסיה מקיפה מסלול בסיסי למקבלי קצבה קיימים,201909,0.170000002,5.5,-2,קרנות חדשות
מסלול הלכה למקבלי קצבה קיימים,201909,0.209999993,5.52,-1.3,קרנות חדשות
כלל פנסיה 60 ומעלה,201909,0.209999993,5.53,259.2,קרנות חדשות
מסלול בסיסי למקבלי קצבה קיימים ,201909,0.209999993,5.56,-345.1,קרנות חדשות
איילון מיטב מקיפה הלכה,201909,0.180000007,5.62,47.9,קרנות חדשות
מגדל מקפת אישית הלכה,201909,0.230000004,5.63,144.7,קרנות חדשות
מסלול קצבה לזכאים קיימים ,201909,0.239999995,5.68,-0.3,קרנות חדשות
מנורה מבטחים פנסיה - מסלול הלכה,201909,0.189999998,5.68,167.9,קרנות חדשות
מגדל מקפת אישית לבני 50 עד 60,201909,0.230000004,5.71,423.1,קרנות חדשות
מסלול פנסיה לזכאים קיימים ,201909,0.209999993,5.73,-7.4,קרנות חדשות
חושן (כהלכה),201909,0.209999993,5.75,47.1,קרנות חדשות
איילון מיטב מקיפה קצבה לזכאים קיימים,201909,0.180000007,5.76,-0.5,קרנות חדשות
הפניקס פנסיה מקיפה - מסלול לבני 60 ומעלה,201909,0.239999995,5.76,137.2,קרנות חדשות
מגדל מקפת אישית הלכה למקבלי קצבה קיימים ,201909,0.230000004,5.78,0,קרנות חדשות
פסגות פנסיה מקיפה מסלול הלכה למקבלי קצבה,201909,0.230000004,5.83,0.7,קרנות חדשות
הראל פנסיה - הלכה,201909,0.219999999,5.87,196.8,קרנות חדשות
אלטשולר שחם פנסיה מקיפה מסלול לבני 60 ומעלה,201909,0.170000002,5.9,141.8,קרנות חדשות
הראל פנסיה  - זכאים קיימים לקצבה,201909,0.219999999,5.91,-1.7,קרנות חדשות
הפניקס פנסיה מקיפה - מסלול הלכה ,201909,0.239999995,5.92,75.6,קרנות חדשות
הלמן-אלדובי קרן פנסיה מקיפה לבני 50 עד 60,201909,0.050000001,5.94,170.8,קרנות חדשות
מגדל מקפת אישית לזכאים קיימים לקצבה,201909,0.230000004,5.96,-5.8,קרנות חדשות
הראל  פנסיה - בסיסי למקבלי קצבה קיימים,201909,0.219999999,6.01,-149.1,קרנות חדשות
מנורה מבטחים פנסיה - תיק מקבלי פנסיה קיימים,201909,0.189999998,6.05,-512.9,קרנות חדשות
מגדל מקפת אישית  למקבלי קצבה קיימים,201909,0.230000004,6.12,-258.5,קרנות חדשות
"הפניקס מסלול פאסיבי - מדדי מניות חו""ל ",201909,0.239999995,6.17,82,קרנות חדשות
הראל פנסיה - גילאי 50 עד 60,201909,0.219999999,6.18,455.4,קרנות חדשות
הפניקס פנסיה מקיפה - מסלול לבני 50 עד 60 ,201909,0.239999995,6.19,377.8,קרנות חדשות
מנורה מבטחים פנסיה - מסלול יעד לפרישה 2030,201909,0.189999998,6.22,562.6,קרנות חדשות
מגדל מקפת אישית לבני 50 ומטה,201909,0.230000004,6.25,2240.6,קרנות חדשות
כלל פנסיה 50-60,201909,0.209999993,6.36,501.8,קרנות חדשות
איילון מיטב מקיפה 50-60,201909,0.180000007,6.4,55.5,קרנות חדשות
מגדל מקפת אישית כללי,201909,0.230000004,6.4,247.1,קרנות חדשות
פסגות פנסיה מקיפה - מסלול לבני 50 ומטה,201909,0.230000004,6.76,348.7,קרנות חדשות
הראל פנסיה - גילאי 50 ומטה,201909,0.219999999,6.77,8586.9,קרנות חדשות
הלמן-אלדובי קרן פנסיה מקיפה לבני 50 ומטה,201909,0.050000001,6.82,913.3,קרנות חדשות
הראל פנסיה - מנוף כללי,201909,0.219999999,6.86,337.7,קרנות חדשות
הראל  פנסיה - גילעד כללי,201909,0.219999999,6.94,-46.4,קרנות חדשות
מנורה מבטחים פנסיה - כללי ,201909,0.189999998,6.95,-187,קרנות חדשות
אלטשולר שחם פנסיה מקיפה מסלול הלכה,201909,0.170000002,6.96,32.4,קרנות חדשות
איילון מיטב מקיפה מסלול לבני 50 ומטה,201909,0.180000007,6.99,1290.9,קרנות חדשות
מנורה מבטחים פנסיה - מסלול יעד לפרישה 2035,201909,0.189999998,7.02,779.3,קרנות חדשות
כלל פנסיה עד 50,201909,0.209999993,7.07,2160,קרנות חדשות
הפניקס פנסיה מקיפה  - מסלול לבני 50 ומטה ,201909,0.239999995,7.18,2505.5,קרנות חדשות
ספיר,201909,0.209999993,7.23,-233,קרנות חדשות
פסגות מקיפה - אפיק מניות,201909,0.230000004,7.29,8,קרנות חדשות
הראל פנסיה - מניות,201909,0.219999999,7.39,316.3,קרנות חדשות
מנורה מבטחים פנסיה - מסלול יעד לפרישה 2060,201909,0.189999998,7.52,1095.1,קרנות חדשות
מגדל מקפת אישית מניות,201909,0.230000004,7.56,261.3,קרנות חדשות
איילון מיטב פנסיה מקיפה פאסיבי- מדדי מניות,201909,0.180000007,7.59,22.1,קרנות חדשות
מנורה מבטחים פנסיה - מסלול יעד לפרישה 2055,201909,0.189999998,7.61,1153.8,קרנות חדשות
מנורה מבטחים פנסיה - מסלול יעד לפרישה 2050,201909,0.189999998,7.67,1256.4,קרנות חדשות
מנורה מבטחים פנסיה - מסלול יעד לפרישה 2045,201909,0.189999998,7.73,1303.1,קרנות חדשות
מנורה מבטחים פנסיה - מסלול יעד לפרישה 2040,201909,0.189999998,7.75,1173.3,קרנות חדשות
איילון מיטב מקיפה - מסלול מניות,201909,0.180000007,7.8,29.3,קרנות חדשות
אלטשולר שחם פנסיה מקיפה מסלול לבני 50-60,201909,0.170000002,7.99,366.2,קרנות חדשות
כלל פנסיה מניות ,201909,0.209999993,8.32,217.4,קרנות חדשות
הפניקס פנסיה מקיפה - הפניקס מסלול מניות,201909,0.239999995,8.46,278.2,קרנות חדשות
מנורה מבטחים פנסיה - מסלול מניות ,201909,0.189999998,9.05,223.6,קרנות חדשות
אלטשולר שחם פנסיה מקיפה מסלול לבני 50 ומטה,201909,0.170000002,9.43,2717.9,קרנות חדשות
הראל פנסיה - שיקלי טווח קצר,201910,0.219999999,1.63,788.3,קרנות חדשות
הפניקס פנסיה מקיפה - הפניקס מסלול שקלי טווח קצר,201910,0.239999995,1.67,0.6,קרנות חדשות
מגדל מקפת אישית שקלי טווח קצר,201910,0.230000004,1.67,4.6,קרנות חדשות
"מנורה מבטחים פנסיה - מסלול אג""ח",201910,0.189999998,3.21,744.8,קרנות חדשות
"הפניקס מסלול פאסיבי - מדדי אג""ח חו""ל",201910,0.239999995,3.79,1.5,קרנות חדשות
"איילון מיטב מקיפה - מסלול אג""ח (ללא מניות)",201910,0.180000007,3.89,5.4,קרנות חדשות
"כלל פנסיה אג""ח",201910,0.209999993,4.08,9.7,קרנות חדשות
"מגדל מקפת אישית אג""ח",201910,0.230000004,4.12,9,קרנות חדשות
"פסגות פנסיה מקיפה אג""ח עד 20% מניות",201910,0.230000004,4.29,0.5,קרנות חדשות
הלמן-אלדובי קרן פנסיה מקיפה מסלול בסיסי למקבלי קצבה קיימים (עד 1.1.18),201910,0.050000001,4.33,0.9,קרנות חדשות
"הראל פנסיה - אג""ח ללא מניות",201910,0.219999999,4.36,8.1,קרנות חדשות
מנורה מבטחים פנסיה - מסלול יעד לפרישה 2020,201910,0.189999998,4.54,100.7,קרנות חדשות
"הפניקס פנסיה מקיפה - הפניקס מסלול אג""ח ",201910,0.239999995,4.59,5.3,קרנות חדשות
פסגות פנסיה מקיפה לבני 60 ומעלה,201910,0.230000004,4.64,64.1,קרנות חדשות
"מסלול אג""ח עד 15% מניות ",201910,0.209999993,4.85,-2.5,קרנות חדשות
"איילון מיטב פנסיה מקיפה פאסיבי- מדדי אג""ח עד 25% במדדי מניות",201910,0.180000007,4.88,0.7,קרנות חדשות
איילון מיטב מקיפה 60 ומעלה,201910,0.180000007,4.94,175,קרנות חדשות
"איילון מיטב מקיפה אג""ח עד 25% במנית",201910,0.180000007,4.96,1.8,קרנות חדשות
"פסגות פנסיה מקיפה חו""ל",201910,0.230000004,5,0.3,קרנות חדשות
הלמן-אלדובי קרן פנסיה מקיפה לבני 60 ומעלה,201910,0.050000001,5.07,127.7,קרנות חדשות
מגדל מקפת אישית לבני 60 ומעלה,201910,0.230000004,5.19,254.3,קרנות חדשות
הראל פנסיה- הלכה למקבלי קצבה קיימים,201910,0.219999999,5.26,2.8,קרנות חדשות
פסגות פנסיה - פנסיונרים,201910,0.230000004,5.3,4.9,קרנות חדשות
איילון מיטב מקיפה מסלול בסיסי למקבלי קצבה (למעט לפנסיונרים זכאים קיימים),201910,0.180000007,5.33,-9.4,קרנות חדשות
"הפניקס מסלול אג""ח עד 25% מניות",201910,0.239999995,5.36,5.2,קרנות חדשות
פסגות מקיפה - אפיק הלכה,201910,0.230000004,5.39,33.4,קרנות חדשות
הראל פנסיה - גילאי 60 ומעלה,201910,0.219999999,5.4,209.2,קרנות חדשות
מנורה מבטחים פנסיה - מסלול יעד לפרישה 2025,201910,0.189999998,5.44,374.4,קרנות חדשות
פסגות פנסיה מקיפה - מסלול לבני 50 עד 60,201910,0.230000004,5.45,111.5,קרנות חדשות
הפניקס פנסיה מקיפה - מסלול בסיסי למקבלי קצבה,201910,0.239999995,5.48,-13.1,קרנות חדשות
מנורה מבטחים פנסיה - תיק זכאים קיימים,201910,0.189999998,5.49,-16.5,קרנות חדשות
אלטשולר שחם פנסיה מקיפה מסלול בסיסי למקבלי קצבה קיימים,201910,0.170000002,5.5,-2,קרנות חדשות
מסלול הלכה למקבלי קצבה קיימים,201910,0.209999993,5.52,-1.3,קרנות חדשות
כלל פנסיה 60 ומעלה,201910,0.209999993,5.53,259.2,קרנות חדשות
מסלול בסיסי למקבלי קצבה קיימים ,201910,0.209999993,5.56,-345.1,קרנות חדשות
איילון מיטב מקיפה הלכה,201910,0.180000007,5.62,47.9,קרנות חדשות
מגדל מקפת אישית הלכה,201910,0.230000004,5.63,144.7,קרנות חדשות
מסלול קצבה לזכאים קיימים ,201910,0.239999995,5.68,-0.3,קרנות חדשות
מנורה מבטחים פנסיה - מסלול הלכה,201910,0.189999998,5.68,167.9,קרנות חדשות
מגדל מקפת אישית לבני 50 עד 60,201910,0.230000004,5.71,423.1,קרנות חדשות
מסלול פנסיה לזכאים קיימים ,201910,0.209999993,5.73,-7.4,קרנות חדשות
חושן (כהלכה),201910,0.209999993,5.75,47.1,קרנות חדשות
איילון מיטב מקיפה קצבה לזכאים קיימים,201910,0.180000007,5.76,-0.5,קרנות חדשות
הפניקס פנסיה מקיפה - מסלול לבני 60 ומעלה,201910,0.239999995,5.76,137.2,קרנות חדשות
מגדל מקפת אישית הלכה למקבלי קצבה קיימים ,201910,0.230000004,5.78,0,קרנות חדשות
פסגות פנסיה מקיפה מסלול הלכה למקבלי קצבה,201910,0.230000004,5.83,0.7,קרנות חדשות
הראל פנסיה - הלכה,201910,0.219999999,5.87,196.8,קרנות חדשות
אלטשולר שחם פנסיה מקיפה מסלול לבני 60 ומעלה,201910,0.170000002,5.9,141.8,קרנות חדשות
הראל פנסיה  - זכאים קיימים לקצבה,201910,0.219999999,5.91,-1.7,קרנות חדשות
הפניקס פנסיה מקיפה - מסלול הלכה ,201910,0.239999995,5.92,75.6,קרנות חדשות
הלמן-אלדובי קרן פנסיה מקיפה לבני 50 עד 60,201910,0.050000001,5.94,170.8,קרנות חדשות
מגדל מקפת אישית לזכאים קיימים לקצבה,201910,0.230000004,5.96,-5.8,קרנות חדשות
הראל  פנסיה - בסיסי למקבלי קצבה קיימים,201910,0.219999999,6.01,-149.1,קרנות חדשות
מנורה מבטחים פנסיה - תיק מקבלי פנסיה קיימים,201910,0.189999998,6.05,-512.9,קרנות חדשות
מגדל מקפת אישית  למקבלי קצבה קיימים,201910,0.230000004,6.12,-258.5,קרנות חדשות
"הפניקס מסלול פאסיבי - מדדי מניות חו""ל ",201910,0.239999995,6.17,82,קרנות חדשות
הראל פנסיה - גילאי 50 עד 60,201910,0.219999999,6.18,455.4,קרנות חדשות
הפניקס פנסיה מקיפה - מסלול לבני 50 עד 60 ,201910,0.239999995,6.19,377.8,קרנות חדשות
מנורה מבטחים פנסיה - מסלול יעד לפרישה 2030,201910,0.189999998,6.22,562.6,קרנות חדשות
מגדל מקפת אישית לבני 50 ומטה,201910,0.230000004,6.25,2240.6,קרנות חדשות
כלל פנסיה 50-60,201910,0.209999993,6.36,501.8,קרנות חדשות
איילון מיטב מקיפה 50-60,201910,0.180000007,6.4,55.5,קרנות חדשות
מגדל מקפת אישית כללי,201910,0.230000004,6.4,247.1,קרנות חדשות
פסגות פנסיה מקיפה - מסלול לבני 50 ומטה,201910,0.230000004,6.76,348.7,קרנות חדשות
הראל פנסיה - גילאי 50 ומטה,201910,0.219999999,6.77,8586.9,קרנות חדשות
הלמן-אלדובי קרן פנסיה מקיפה לבני 50 ומטה,201910,0.050000001,6.82,913.3,קרנות חדשות
הראל פנסיה - מנוף כללי,201910,0.219999999,6.86,337.7,קרנות חדשות
הראל  פנסיה - גילעד כללי,201910,0.219999999,6.94,-46.4,קרנות חדשות
מנורה מבטחים פנסיה - כללי ,201910,0.189999998,6.95,-187,קרנות חדשות
אלטשולר שחם פנסיה מקיפה מסלול הלכה,201910,0.170000002,6.96,32.4,קרנות חדשות
איילון מיטב מקיפה מסלול לבני 50 ומטה,201910,0.180000007,6.99,1290.9,קרנות חדשות
מנורה מבטחים פנסיה - מסלול יעד לפרישה 2035,201910,0.189999998,7.02,779.3,קרנות חדשות
כלל פנסיה עד 50,201910,0.209999993,7.07,2160,קרנות חדשות
הפניקס פנסיה מקיפה  - מסלול לבני 50 ומטה ,201910,0.239999995,7.18,2505.5,קרנות חדשות
ספיר,201910,0.209999993,7.23,-233,קרנות חדשות
פסגות מקיפה - אפיק מניות,201910,0.230000004,7.29,8,קרנות חדשות
הראל פנסיה - מניות,201910,0.219999999,7.39,316.3,קרנות חדשות
מנורה מבטחים פנסיה - מסלול יעד לפרישה 2060,201910,0.189999998,7.52,1095.1,קרנות חדשות
מגדל מקפת אישית מניות,201910,0.230000004,7.56,261.3,קרנות חדשות
איילון מיטב פנסיה מקיפה פאסיבי- מדדי מניות,201910,0.180000007,7.59,22.1,קרנות חדשות
מנורה מבטחים פנסיה - מסלול יעד לפרישה 2055,201910,0.189999998,7.61,1153.8,קרנות חדשות
מנורה מבטחים פנסיה - מסלול יעד לפרישה 2050,201910,0.189999998,7.67,1256.4,קרנות חדשות
מנורה מבטחים פנסיה - מסלול יעד לפרישה 2045,201910,0.189999998,7.73,1303.1,קרנות חדשות
מנורה מבטחים פנסיה - מסלול יעד לפרישה 2040,201910,0.189999998,7.75,1173.3,קרנות חדשות
איילון מיטב מקיפה - מסלול מניות,201910,0.180000007,7.8,29.3,קרנות חדשות
אלטשולר שחם פנסיה מקיפה מסלול לבני 50-60,201910,0.170000002,7.99,366.2,קרנות חדשות
כלל פנסיה מניות ,201910,0.209999993,8.32,217.4,קרנות חדשות
הפניקס פנסיה מקיפה - הפניקס מסלול מניות,201910,0.239999995,8.46,278.2,קרנות חדשות
מנורה מבטחים פנסיה - מסלול מניות ,201910,0.189999998,9.05,223.6,קרנות חדשות
אלטשולר שחם פנסיה מקיפה מסלול לבני 50 ומטה,201910,0.170000002,9.43,2717.9,קרנות חדשות
הראל פנסיה - שיקלי טווח קצר,201911,0.219999999,1.63,788.3,קרנות חדשות
הפניקס פנסיה מקיפה - הפניקס מסלול שקלי טווח קצר,201911,0.239999995,1.67,0.6,קרנות חדשות
מגדל מקפת אישית שקלי טווח קצר,201911,0.230000004,1.67,4.6,קרנות חדשות
"מנורה מבטחים פנסיה - מסלול אג""ח",201911,0.189999998,3.21,744.8,קרנות חדשות
"הפניקס מסלול פאסיבי - מדדי אג""ח חו""ל",201911,0.239999995,3.79,1.5,קרנות חדשות
"איילון מיטב מקיפה - מסלול אג""ח (ללא מניות)",201911,0.180000007,3.89,5.4,קרנות חדשות
"כלל פנסיה אג""ח",201911,0.209999993,4.08,9.7,קרנות חדשות
"מגדל מקפת אישית אג""ח",201911,0.230000004,4.12,9,קרנות חדשות
"פסגות פנסיה מקיפה אג""ח עד 20% מניות",201911,0.230000004,4.29,0.5,קרנות חדשות
הלמן-אלדובי קרן פנסיה מקיפה מסלול בסיסי למקבלי קצבה קיימים (עד 1.1.18),201911,0.050000001,4.33,0.9,קרנות חדשות
"הראל פנסיה - אג""ח ללא מניות",201911,0.219999999,4.36,8.1,קרנות חדשות
מנורה מבטחים פנסיה - מסלול יעד לפרישה 2020,201911,0.189999998,4.54,100.7,קרנות חדשות
"הפניקס פנסיה מקיפה - הפניקס מסלול אג""ח ",201911,0.239999995,4.59,5.3,קרנות חדשות
פסגות פנסיה מקיפה לבני 60 ומעלה,201911,0.230000004,4.64,64.1,קרנות חדשות
"מסלול אג""ח עד 15% מניות ",201911,0.209999993,4.85,-2.5,קרנות חדשות
"איילון מיטב פנסיה מקיפה פאסיבי- מדדי אג""ח עד 25% במדדי מניות",201911,0.180000007,4.88,0.7,קרנות חדשות
איילון מיטב מקיפה 60 ומעלה,201911,0.180000007,4.94,175,קרנות חדשות
"איילון מיטב מקיפה אג""ח עד 25% במנית",201911,0.180000007,4.96,1.8,קרנות חדשות
"פסגות פנסיה מקיפה חו""ל",201911,0.230000004,5,0.3,קרנות חדשות
הלמן-אלדובי קרן פנסיה מקיפה לבני 60 ומעלה,201911,0.050000001,5.07,127.7,קרנות חדשות
מגדל מקפת אישית לבני 60 ומעלה,201911,0.230000004,5.19,254.3,קרנות חדשות
הראל פנסיה- הלכה למקבלי קצבה קיימים,201911,0.219999999,5.26,2.8,קרנות חדשות
פסגות פנסיה - פנסיונרים,201911,0.230000004,5.3,4.9,קרנות חדשות
איילון מיטב מקיפה מסלול בסיסי למקבלי קצבה (למעט לפנסיונרים זכאים קיימים),201911,0.180000007,5.33,-9.4,קרנות חדשות
"הפניקס מסלול אג""ח עד 25% מניות",201911,0.239999995,5.36,5.2,קרנות חדשות
פסגות מקיפה - אפיק הלכה,201911,0.230000004,5.39,33.4,קרנות חדשות
הראל פנסיה - גילאי 60 ומעלה,201911,0.219999999,5.4,209.2,קרנות חדשות
מנורה מבטחים פנסיה - מסלול יעד לפרישה 2025,201911,0.189999998,5.44,374.4,קרנות חדשות
פסגות פנסיה מקיפה - מסלול לבני 50 עד 60,201911,0.230000004,5.45,111.5,קרנות חדשות
הפניקס פנסיה מקיפה - מסלול בסיסי למקבלי קצבה,201911,0.239999995,5.48,-13.1,קרנות חדשות
מנורה מבטחים פנסיה - תיק זכאים קיימים,201911,0.189999998,5.49,-16.5,קרנות חדשות
אלטשולר שחם פנסיה מקיפה מסלול בסיסי למקבלי קצבה קיימים,201911,0.170000002,5.5,-2,קרנות חדשות
מסלול הלכה למקבלי קצבה קיימים,201911,0.209999993,5.52,-1.3,קרנות חדשות
כלל פנסיה 60 ומעלה,201911,0.209999993,5.53,259.2,קרנות חדשות
מסלול בסיסי למקבלי קצבה קיימים ,201911,0.209999993,5.56,-345.1,קרנות חדשות
איילון מיטב מקיפה הלכה,201911,0.180000007,5.62,47.9,קרנות חדשות
מגדל מקפת אישית הלכה,201911,0.230000004,5.63,144.7,קרנות חדשות
מסלול קצבה לזכאים קיימים ,201911,0.239999995,5.68,-0.3,קרנות חדשות
מנורה מבטחים פנסיה - מסלול הלכה,201911,0.189999998,5.68,167.9,קרנות חדשות
מגדל מקפת אישית לבני 50 עד 60,201911,0.230000004,5.71,423.1,קרנות חדשות
מסלול פנסיה לזכאים קיימים ,201911,0.209999993,5.73,-7.4,קרנות חדשות
חושן (כהלכה),201911,0.209999993,5.75,47.1,קרנות חדשות
איילון מיטב מקיפה קצבה לזכאים קיימים,201911,0.180000007,5.76,-0.5,קרנות חדשות
הפניקס פנסיה מקיפה - מסלול לבני 60 ומעלה,201911,0.239999995,5.76,137.2,קרנות חדשות
מגדל מקפת אישית הלכה למקבלי קצבה קיימים ,201911,0.230000004,5.78,0,קרנות חדשות
פסגות פנסיה מקיפה מסלול הלכה למקבלי קצבה,201911,0.230000004,5.83,0.7,קרנות חדשות
הראל פנסיה - הלכה,201911,0.219999999,5.87,196.8,קרנות חדשות
אלטשולר שחם פנסיה מקיפה מסלול לבני 60 ומעלה,201911,0.170000002,5.9,141.8,קרנות חדשות
הראל פנסיה  - זכאים קיימים לקצבה,201911,0.219999999,5.91,-1.7,קרנות חדשות
הפניקס פנסיה מקיפה - מסלול הלכה ,201911,0.239999995,5.92,75.6,קרנות חדשות
הלמן-אלדובי קרן פנסיה מקיפה לבני 50 עד 60,201911,0.050000001,5.94,170.8,קרנות חדשות
מגדל מקפת אישית לזכאים קיימים לקצבה,201911,0.230000004,5.96,-5.8,קרנות חדשות
הראל  פנסיה - בסיסי למקבלי קצבה קיימים,201911,0.219999999,6.01,-149.1,קרנות חדשות
מנורה מבטחים פנסיה - תיק מקבלי פנסיה קיימים,201911,0.189999998,6.05,-512.9,קרנות חדשות
מגדל מקפת אישית  למקבלי קצבה קיימים,201911,0.230000004,6.12,-258.5,קרנות חדשות
"הפניקס מסלול פאסיבי - מדדי מניות חו""ל ",201911,0.239999995,6.17,82,קרנות חדשות
הראל פנסיה - גילאי 50 עד 60,201911,0.219999999,6.18,455.4,קרנות חדשות
הפניקס פנסיה מקיפה - מסלול לבני 50 עד 60 ,201911,0.239999995,6.19,377.8,קרנות חדשות
מנורה מבטחים פנסיה - מסלול יעד לפרישה 2030,201911,0.189999998,6.22,562.6,קרנות חדשות
מגדל מקפת אישית לבני 50 ומטה,201911,0.230000004,6.25,2240.6,קרנות חדשות
כלל פנסיה 50-60,201911,0.209999993,6.36,501.8,קרנות חדשות
איילון מיטב מקיפה 50-60,201911,0.180000007,6.4,55.5,קרנות חדשות
מגדל מקפת אישית כללי,201911,0.230000004,6.4,247.1,קרנות חדשות
פסגות פנסיה מקיפה - מסלול לבני 50 ומטה,201911,0.230000004,6.76,348.7,קרנות חדשות
הראל פנסיה - גילאי 50 ומטה,201911,0.219999999,6.77,8586.9,קרנות חדשות
הלמן-אלדובי קרן פנסיה מקיפה לבני 50 ומטה,201911,0.050000001,6.82,913.3,קרנות חדשות
הראל פנסיה - מנוף כללי,201911,0.219999999,6.86,337.7,קרנות חדשות
הראל  פנסיה - גילעד כללי,201911,0.219999999,6.94,-46.4,קרנות חדשות
מנורה מבטחים פנסיה - כללי ,201911,0.189999998,6.95,-187,קרנות חדשות
אלטשולר שחם פנסיה מקיפה מסלול הלכה,201911,0.170000002,6.96,32.4,קרנות חדשות
איילון מיטב מקיפה מסלול לבני 50 ומטה,201911,0.180000007,6.99,1290.9,קרנות חדשות
מנורה מבטחים פנסיה - מסלול יעד לפרישה 2035,201911,0.189999998,7.02,779.3,קרנות חדשות
כלל פנסיה עד 50,201911,0.209999993,7.07,2160,קרנות חדשות
הפניקס פנסיה מקיפה  - מסלול לבני 50 ומטה ,201911,0.239999995,7.18,2505.5,קרנות חדשות
ספיר,201911,0.209999993,7.23,-233,קרנות חדשות
פסגות מקיפה - אפיק מניות,201911,0.230000004,7.29,8,קרנות חדשות
הראל פנסיה - מניות,201911,0.219999999,7.39,316.3,קרנות חדשות
מנורה מבטחים פנסיה - מסלול יעד לפרישה 2060,201911,0.189999998,7.52,1095.1,קרנות חדשות
מגדל מקפת אישית מניות,201911,0.230000004,7.56,261.3,קרנות חדשות
איילון מיטב פנסיה מקיפה פאסיבי- מדדי מניות,201911,0.180000007,7.59,22.1,קרנות חדשות
מנורה מבטחים פנסיה - מסלול יעד לפרישה 2055,201911,0.189999998,7.61,1153.8,קרנות חדשות
מנורה מבטחים פנסיה - מסלול יעד לפרישה 2050,201911,0.189999998,7.67,1256.4,קרנות חדשות
מנורה מבטחים פנסיה - מסלול יעד לפרישה 2045,201911,0.189999998,7.73,1303.1,קרנות חדשות
מנורה מבטחים פנסיה - מסלול יעד לפרישה 2040,201911,0.189999998,7.75,1173.3,קרנות חדשות
איילון מיטב מקיפה - מסלול מניות,201911,0.180000007,7.8,29.3,קרנות חדשות
אלטשולר שחם פנסיה מקיפה מסלול לבני 50-60,201911,0.170000002,7.99,366.2,קרנות חדשות
כלל פנסיה מניות ,201911,0.209999993,8.32,217.4,קרנות חדשות
הפניקס פנסיה מקיפה - הפניקס מסלול מניות,201911,0.239999995,8.46,278.2,קרנות חדשות
מנורה מבטחים פנסיה - מסלול מניות ,201911,0.189999998,9.05,223.6,קרנות חדשות
אלטשולר שחם פנסיה מקיפה מסלול לבני 50 ומטה,201911,0.170000002,9.43,2717.9,קרנות חדשות
הראל פנסיה - שיקלי טווח קצר,201912,0.219999999,1.63,788.3,קרנות חדשות
הפניקס פנסיה מקיפה - הפניקס מסלול שקלי טווח קצר,201912,0.239999995,1.67,0.6,קרנות חדשות
מגדל מקפת אישית שקלי טווח קצר,201912,0.230000004,1.67,4.6,קרנות חדשות
"מנורה מבטחים פנסיה - מסלול אג""ח",201912,0.189999998,3.21,744.8,קרנות חדשות
"הפניקס מסלול פאסיבי - מדדי אג""ח חו""ל",201912,0.239999995,3.79,1.5,קרנות חדשות
"איילון מיטב מקיפה - מסלול אג""ח (ללא מניות)",201912,0.180000007,3.89,5.4,קרנות חדשות
"כלל פנסיה אג""ח",201912,0.209999993,4.08,9.7,קרנות חדשות
"מגדל מקפת אישית אג""ח",201912,0.230000004,4.12,9,קרנות חדשות
"פסגות פנסיה מקיפה אג""ח עד 20% מניות",201912,0.230000004,4.29,0.5,קרנות חדשות
הלמן-אלדובי קרן פנסיה מקיפה מסלול בסיסי למקבלי קצבה קיימים (עד 1.1.18),201912,0.050000001,4.33,0.9,קרנות חדשות
"הראל פנסיה - אג""ח ללא מניות",201912,0.219999999,4.36,8.1,קרנות חדשות
מנורה מבטחים פנסיה - מסלול יעד לפרישה 2020,201912,0.189999998,4.54,100.7,קרנות חדשות
"הפניקס פנסיה מקיפה - הפניקס מסלול אג""ח ",201912,0.239999995,4.59,5.3,קרנות חדשות
פסגות פנסיה מקיפה לבני 60 ומעלה,201912,0.230000004,4.64,64.1,קרנות חדשות
"מסלול אג""ח עד 15% מניות ",201912,0.209999993,4.85,-2.5,קרנות חדשות
"איילון מיטב פנסיה מקיפה פאסיבי- מדדי אג""ח עד 25% במדדי מניות",201912,0.180000007,4.88,0.7,קרנות חדשות
איילון מיטב מקיפה 60 ומעלה,201912,0.180000007,4.94,175,קרנות חדשות
"איילון מיטב מקיפה אג""ח עד 25% במנית",201912,0.180000007,4.96,1.8,קרנות חדשות
"פסגות פנסיה מקיפה חו""ל",201912,0.230000004,5,0.3,קרנות חדשות
הלמן-אלדובי קרן פנסיה מקיפה לבני 60 ומעלה,201912,0.050000001,5.07,127.7,קרנות חדשות
מגדל מקפת אישית לבני 60 ומעלה,201912,0.230000004,5.19,254.3,קרנות חדשות
הראל פנסיה- הלכה למקבלי קצבה קיימים,201912,0.219999999,5.26,2.8,קרנות חדשות
פסגות פנסיה - פנסיונרים,201912,0.230000004,5.3,4.9,קרנות חדשות
איילון מיטב מקיפה מסלול בסיסי למקבלי קצבה (למעט לפנסיונרים זכאים קיימים),201912,0.180000007,5.33,-9.4,קרנות חדשות
"הפניקס מסלול אג""ח עד 25% מניות",201912,0.239999995,5.36,5.2,קרנות חדשות
פסגות מקיפה - אפיק הלכה,201912,0.230000004,5.39,33.4,קרנות חדשות
הראל פנסיה - גילאי 60 ומעלה,201912,0.219999999,5.4,209.2,קרנות חדשות
מנורה מבטחים פנסיה - מסלול יעד לפרישה 2025,201912,0.189999998,5.44,374.4,קרנות חדשות
פסגות פנסיה מקיפה - מסלול לבני 50 עד 60,201912,0.230000004,5.45,111.5,קרנות חדשות
הפניקס פנסיה מקיפה - מסלול בסיסי למקבלי קצבה,201912,0.239999995,5.48,-13.1,קרנות חדשות
מנורה מבטחים פנסיה - תיק זכאים קיימים,201912,0.189999998,5.49,-16.5,קרנות חדשות
אלטשולר שחם פנסיה מקיפה מסלול בסיסי למקבלי קצבה קיימים,201912,0.170000002,5.5,-2,קרנות חדשות
מסלול הלכה למקבלי קצבה קיימים,201912,0.209999993,5.52,-1.3,קרנות חדשות
כלל פנסיה 60 ומעלה,201912,0.209999993,5.53,259.2,קרנות חדשות
מסלול בסיסי למקבלי קצבה קיימים ,201912,0.209999993,5.56,-345.1,קרנות חדשות
איילון מיטב מקיפה הלכה,201912,0.180000007,5.62,47.9,קרנות חדשות
מגדל מקפת אישית הלכה,201912,0.230000004,5.63,144.7,קרנות חדשות
מסלול קצבה לזכאים קיימים ,201912,0.239999995,5.68,-0.3,קרנות חדשות
מנורה מבטחים פנסיה - מסלול הלכה,201912,0.189999998,5.68,167.9,קרנות חדשות
מגדל מקפת אישית לבני 50 עד 60,201912,0.230000004,5.71,423.1,קרנות חדשות
מסלול פנסיה לזכאים קיימים ,201912,0.209999993,5.73,-7.4,קרנות חדשות
חושן (כהלכה),201912,0.209999993,5.75,47.1,קרנות חדשות
איילון מיטב מקיפה קצבה לזכאים קיימים,201912,0.180000007,5.76,-0.5,קרנות חדשות
הפניקס פנסיה מקיפה - מסלול לבני 60 ומעלה,201912,0.239999995,5.76,137.2,קרנות חדשות
מגדל מקפת אישית הלכה למקבלי קצבה קיימים ,201912,0.230000004,5.78,0,קרנות חדשות
פסגות פנסיה מקיפה מסלול הלכה למקבלי קצבה,201912,0.230000004,5.83,0.7,קרנות חדשות
הראל פנסיה - הלכה,201912,0.219999999,5.87,196.8,קרנות חדשות
אלטשולר שחם פנסיה מקיפה מסלול לבני 60 ומעלה,201912,0.170000002,5.9,141.8,קרנות חדשות
הראל פנסיה  - זכאים קיימים לקצבה,201912,0.219999999,5.91,-1.7,קרנות חדשות
הפניקס פנסיה מקיפה - מסלול הלכה ,201912,0.239999995,5.92,75.6,קרנות חדשות
הלמן-אלדובי קרן פנסיה מקיפה לבני 50 עד 60,201912,0.050000001,5.94,170.8,קרנות חדשות
מגדל מקפת אישית לזכאים קיימים לקצבה,201912,0.230000004,5.96,-5.8,קרנות חדשות
הראל  פנסיה - בסיסי למקבלי קצבה קיימים,201912,0.219999999,6.01,-149.1,קרנות חדשות
מנורה מבטחים פנסיה - תיק מקבלי פנסיה קיימים,201912,0.189999998,6.05,-512.9,קרנות חדשות
מגדל מקפת אישית  למקבלי קצבה קיימים,201912,0.230000004,6.12,-258.5,קרנות חדשות
"הפניקס מסלול פאסיבי - מדדי מניות חו""ל ",201912,0.239999995,6.17,82,קרנות חדשות
הראל פנסיה - גילאי 50 עד 60,201912,0.219999999,6.18,455.4,קרנות חדשות
הפניקס פנסיה מקיפה - מסלול לבני 50 עד 60 ,201912,0.239999995,6.19,377.8,קרנות חדשות
מנורה מבטחים פנסיה - מסלול יעד לפרישה 2030,201912,0.189999998,6.22,562.6,קרנות חדשות
מגדל מקפת אישית לבני 50 ומטה,201912,0.230000004,6.25,2240.6,קרנות חדשות
כלל פנסיה 50-60,201912,0.209999993,6.36,501.8,קרנות חדשות
איילון מיטב מקיפה 50-60,201912,0.180000007,6.4,55.5,קרנות חדשות
מגדל מקפת אישית כללי,201912,0.230000004,6.4,247.1,קרנות חדשות
פסגות פנסיה מקיפה - מסלול לבני 50 ומטה,201912,0.230000004,6.76,348.7,קרנות חדשות
הראל פנסיה - גילאי 50 ומטה,201912,0.219999999,6.77,8586.9,קרנות חדשות
הלמן-אלדובי קרן פנסיה מקיפה לבני 50 ומטה,201912,0.050000001,6.82,913.3,קרנות חדשות
הראל פנסיה - מנוף כללי,201912,0.219999999,6.86,337.7,קרנות חדשות
הראל  פנסיה - גילעד כללי,201912,0.219999999,6.94,-46.4,קרנות חדשות
מנורה מבטחים פנסיה - כללי ,201912,0.189999998,6.95,-187,קרנות חדשות
אלטשולר שחם פנסיה מקיפה מסלול הלכה,201912,0.170000002,6.96,32.4,קרנות חדשות
איילון מיטב מקיפה מסלול לבני 50 ומטה,201912,0.180000007,6.99,1290.9,קרנות חדשות
מנורה מבטחים פנסיה - מסלול יעד לפרישה 2035,201912,0.189999998,7.02,779.3,קרנות חדשות
כלל פנסיה עד 50,201912,0.209999993,7.07,2160,קרנות חדשות
הפניקס פנסיה מקיפה  - מסלול לבני 50 ומטה ,201912,0.239999995,7.18,2505.5,קרנות חדשות
ספיר,201912,0.209999993,7.23,-233,קרנות חדשות
פסגות מקיפה - אפיק מניות,201912,0.230000004,7.29,8,קרנות חדשות
הראל פנסיה - מניות,201912,0.219999999,7.39,316.3,קרנות חדשות
מנורה מבטחים פנסיה - מסלול יעד לפרישה 2060,201912,0.189999998,7.52,1095.1,קרנות חדשות
מגדל מקפת אישית מניות,201912,0.230000004,7.56,261.3,קרנות חדשות
איילון מיטב פנסיה מקיפה פאסיבי- מדדי מניות,201912,0.180000007,7.59,22.1,קרנות חדשות
מנורה מבטחים פנסיה - מסלול יעד לפרישה 2055,201912,0.189999998,7.61,1153.8,קרנות חדשות
מנורה מבטחים פנסיה - מסלול יעד לפרישה 2050,201912,0.189999998,7.67,1256.4,קרנות חדשות
מנורה מבטחים פנסיה - מסלול יעד לפרישה 2045,201912,0.189999998,7.73,1303.1,קרנות חדשות
מנורה מבטחים פנסיה - מסלול יעד לפרישה 2040,201912,0.189999998,7.75,1173.3,קרנות חדשות
איילון מיטב מקיפה - מסלול מניות,201912,0.180000007,7.8,29.3,קרנות חדשות
אלטשולר שחם פנסיה מקיפה מסלול לבני 50-60,201912,0.170000002,7.99,366.2,קרנות חדשות
כלל פנסיה מניות ,201912,0.209999993,8.32,217.4,קרנות חדשות
הפניקס פנסיה מקיפה - הפניקס מסלול מניות,201912,0.239999995,8.46,278.2,קרנות חדשות
מנורה מבטחים פנסיה - מסלול מניות ,201912,0.189999998,9.05,223.6,קרנות חדשות
אלטשולר שחם פנסיה מקיפה מסלול לבני 50 ומטה,201912,0.170000002,9.43,2717.9,קרנות חדשות
